0 verbose cli C:\Program Files\nodejs\node.exe C:\Program Files\nodejs\node_modules\npm\bin\npm-cli.js
1 info using npm@10.9.3
2 info using node@v22.19.0
3 silly config load:file:C:\Program Files\nodejs\node_modules\npm\npmrc
4 silly config load:file:C:\Users\NGUYEN MINH TRI\OneDrive\Desktop\CSPM\frontend\.npmrc
5 silly config load:file:C:\Users\NGUYEN MINH TRI\.npmrc
6 silly config load:file:C:\Users\NGUYEN MINH TRI\AppData\Roaming\npm\etc\npmrc
7 verbose title npm install
8 verbose argv "install" "--cache" ".npm-cache"
9 verbose logfile logs-max:10 dir:C:\Users\NGUYEN MINH TRI\OneDrive\Desktop\CSPM\frontend\.npm-cache\_logs\2026-03-25T16_57_29_604Z-
10 verbose logfile C:\Users\NGUYEN MINH TRI\OneDrive\Desktop\CSPM\frontend\.npm-cache\_logs\2026-03-25T16_57_29_604Z-debug-0.log
11 silly logfile done cleaning log files
12 silly packumentCache heap:4345298944 maxSize:1086324736 maxEntrySize:543162368
13 silly idealTree buildDeps
14 silly fetch manifest react@^18.3.1
15 silly packumentCache full:https://registry.npmjs.org/react cache-miss
16 http fetch GET 200 https://registry.npmjs.org/npm 403ms
17 http fetch GET 200 https://registry.npmjs.org/react 489ms (cache miss)
18 silly packumentCache full:https://registry.npmjs.org/react set size:undefined disposed:false
19 silly fetch manifest react-dom@^18.3.1
20 silly packumentCache full:https://registry.npmjs.org/react-dom cache-miss
21 http fetch GET 200 https://registry.npmjs.org/react-dom 222ms (cache miss)
22 silly packumentCache full:https://registry.npmjs.org/react-dom set size:undefined disposed:false
23 silly fetch manifest @vitejs/plugin-react@^4.3.4
24 silly packumentCache full:https://registry.npmjs.org/@vitejs%2fplugin-react cache-miss
25 http fetch GET 200 https://registry.npmjs.org/@vitejs%2fplugin-react 111ms (cache miss)
26 silly packumentCache full:https://registry.npmjs.org/@vitejs%2fplugin-react set size:undefined disposed:false
27 silly fetch manifest vite@^6.2.6
28 silly packumentCache full:https://registry.npmjs.org/vite cache-miss
29 http fetch GET 200 https://registry.npmjs.org/vite 772ms (cache miss)
30 silly packumentCache full:https://registry.npmjs.org/vite set size:undefined disposed:false
31 silly fetch manifest @types/node@^18.0.0 || ^20.0.0 || >=22.0.0
32 silly packumentCache full:https://registry.npmjs.org/@types%2fnode cache-miss
33 http fetch GET 200 https://registry.npmjs.org/@types%2fnode 175ms (cache miss)
34 silly packumentCache full:https://registry.npmjs.org/@types%2fnode set size:undefined disposed:false
35 silly fetch manifest jiti@>=1.21.0
36 silly packumentCache full:https://registry.npmjs.org/jiti cache-miss
37 http fetch GET 200 https://registry.npmjs.org/jiti 86ms (cache miss)
38 silly packumentCache full:https://registry.npmjs.org/jiti set size:undefined disposed:false
39 silly fetch manifest less@*
40 silly packumentCache full:https://registry.npmjs.org/less cache-miss
41 http fetch GET 200 https://registry.npmjs.org/less 98ms (cache miss)
42 silly packumentCache full:https://registry.npmjs.org/less set size:undefined disposed:false
43 silly fetch manifest lightningcss@^1.21.0
44 silly packumentCache full:https://registry.npmjs.org/lightningcss cache-miss
45 http fetch GET 200 https://registry.npmjs.org/lightningcss 108ms (cache miss)
46 silly packumentCache full:https://registry.npmjs.org/lightningcss set size:undefined disposed:false
47 silly fetch manifest sass@*
48 silly packumentCache full:https://registry.npmjs.org/sass cache-miss
49 http fetch GET 200 https://registry.npmjs.org/sass 115ms (cache miss)
50 silly packumentCache full:https://registry.npmjs.org/sass set size:undefined disposed:false
51 silly fetch manifest sass-embedded@*
52 silly packumentCache full:https://registry.npmjs.org/sass-embedded cache-miss
53 http fetch GET 200 https://registry.npmjs.org/sass-embedded 92ms (cache miss)
54 silly packumentCache full:https://registry.npmjs.org/sass-embedded set size:undefined disposed:false
55 silly fetch manifest stylus@*
56 silly packumentCache full:https://registry.npmjs.org/stylus cache-miss
57 http fetch GET 200 https://registry.npmjs.org/stylus 96ms (cache miss)
58 silly packumentCache full:https://registry.npmjs.org/stylus set size:undefined disposed:false
59 silly fetch manifest sugarss@*
60 silly packumentCache full:https://registry.npmjs.org/sugarss cache-miss
61 http fetch GET 200 https://registry.npmjs.org/sugarss 85ms (cache miss)
62 silly packumentCache full:https://registry.npmjs.org/sugarss set size:undefined disposed:false
63 silly fetch manifest postcss@^8.3.3
64 silly packumentCache full:https://registry.npmjs.org/postcss cache-miss
65 http fetch GET 200 https://registry.npmjs.org/postcss 101ms (cache miss)
66 silly packumentCache full:https://registry.npmjs.org/postcss set size:undefined disposed:false
67 silly fetch manifest terser@^5.16.0
68 silly packumentCache full:https://registry.npmjs.org/terser cache-miss
69 http fetch GET 200 https://registry.npmjs.org/terser 111ms (cache miss)
70 silly packumentCache full:https://registry.npmjs.org/terser set size:undefined disposed:false
71 silly fetch manifest tsx@^4.8.1
72 silly packumentCache full:https://registry.npmjs.org/tsx cache-miss
73 http fetch GET 200 https://registry.npmjs.org/tsx 89ms (cache miss)
74 silly packumentCache full:https://registry.npmjs.org/tsx set size:undefined disposed:false
75 silly fetch manifest yaml@^2.4.2
76 silly packumentCache full:https://registry.npmjs.org/yaml cache-miss
77 http fetch GET 200 https://registry.npmjs.org/yaml 92ms (cache miss)
78 silly packumentCache full:https://registry.npmjs.org/yaml set size:undefined disposed:false
79 silly placeDep ROOT @vitejs/plugin-react@4.7.0 OK for: cspm-frontend@0.1.0 want: ^4.3.4
80 silly placeDep ROOT vite@6.4.1 OK for: @vitejs/plugin-react@4.7.0 want: ^4.2.0 || ^5.0.0 || ^6.0.0 || ^7.0.0
81 silly placeDep ROOT react@18.3.1 OK for: cspm-frontend@0.1.0 want: ^18.3.1
82 silly placeDep ROOT react-dom@18.3.1 OK for: cspm-frontend@0.1.0 want: ^18.3.1
83 silly fetch manifest @babel/core@^7.28.0
84 silly packumentCache full:https://registry.npmjs.org/@babel%2fcore cache-miss
85 silly fetch manifest react-refresh@^0.17.0
86 silly packumentCache full:https://registry.npmjs.org/react-refresh cache-miss
87 silly fetch manifest @types/babel__core@^7.20.5
88 silly packumentCache full:https://registry.npmjs.org/@types%2fbabel__core cache-miss
89 silly fetch manifest @rolldown/pluginutils@1.0.0-beta.27
90 silly packumentCache full:https://registry.npmjs.org/@rolldown%2fpluginutils cache-miss
91 silly fetch manifest @babel/plugin-transform-react-jsx-self@^7.27.1
92 silly packumentCache full:https://registry.npmjs.org/@babel%2fplugin-transform-react-jsx-self cache-miss
93 silly fetch manifest @babel/plugin-transform-react-jsx-source@^7.27.1
94 silly packumentCache full:https://registry.npmjs.org/@babel%2fplugin-transform-react-jsx-source cache-miss
95 silly fetch manifest fdir@^6.4.4
96 silly packumentCache full:https://registry.npmjs.org/fdir cache-miss
97 silly fetch manifest rollup@^4.34.9
98 silly packumentCache full:https://registry.npmjs.org/rollup cache-miss
99 silly fetch manifest esbuild@^0.25.0
100 silly packumentCache full:https://registry.npmjs.org/esbuild cache-miss
101 silly fetch manifest postcss@^8.5.3
102 silly packumentCache full:https://registry.npmjs.org/postcss cache-miss
103 silly fetch manifest picomatch@^4.0.2
104 silly packumentCache full:https://registry.npmjs.org/picomatch cache-miss
105 silly fetch manifest tinyglobby@^0.2.13
106 silly packumentCache full:https://registry.npmjs.org/tinyglobby cache-miss
107 silly fetch manifest fsevents@~2.3.3
108 silly packumentCache full:https://registry.npmjs.org/fsevents cache-miss
109 silly fetch manifest loose-envify@^1.1.0
110 silly packumentCache full:https://registry.npmjs.org/loose-envify cache-miss
111 silly fetch manifest scheduler@^0.23.2
112 silly packumentCache full:https://registry.npmjs.org/scheduler cache-miss
113 http cache https://registry.npmjs.org/postcss 64ms (cache hit)
114 silly packumentCache full:https://registry.npmjs.org/postcss set size:702266 disposed:false
115 silly fetch manifest loose-envify@^1.1.0
116 silly packumentCache full:https://registry.npmjs.org/loose-envify cache-miss
117 http fetch GET 200 https://registry.npmjs.org/@babel%2fcore 249ms (cache miss)
118 silly packumentCache full:https://registry.npmjs.org/@babel%2fcore set size:undefined disposed:false
119 http fetch GET 200 https://registry.npmjs.org/loose-envify 343ms (cache miss)
120 silly packumentCache full:https://registry.npmjs.org/loose-envify set size:undefined disposed:false
121 http fetch GET 200 https://registry.npmjs.org/tinyglobby 376ms (cache miss)
122 silly packumentCache full:https://registry.npmjs.org/tinyglobby set size:undefined disposed:false
123 http fetch GET 200 https://registry.npmjs.org/loose-envify 353ms (cache miss)
124 silly packumentCache full:https://registry.npmjs.org/loose-envify set size:undefined disposed:false
125 http fetch GET 200 https://registry.npmjs.org/@types%2fbabel__core 432ms (cache miss)
126 silly packumentCache full:https://registry.npmjs.org/@types%2fbabel__core set size:undefined disposed:false
127 http fetch GET 200 https://registry.npmjs.org/fsevents 441ms (cache miss)
128 silly packumentCache full:https://registry.npmjs.org/fsevents set size:undefined disposed:false
129 http fetch GET 200 https://registry.npmjs.org/@rolldown%2fpluginutils 457ms (cache miss)
130 silly packumentCache full:https://registry.npmjs.org/@rolldown%2fpluginutils set size:undefined disposed:false
131 http fetch GET 200 https://registry.npmjs.org/@babel%2fplugin-transform-react-jsx-self 467ms (cache miss)
132 silly packumentCache full:https://registry.npmjs.org/@babel%2fplugin-transform-react-jsx-self set size:undefined disposed:false
133 http fetch GET 200 https://registry.npmjs.org/fdir 475ms (cache miss)
134 silly packumentCache full:https://registry.npmjs.org/fdir set size:undefined disposed:false
135 http fetch GET 200 https://registry.npmjs.org/@babel%2fplugin-transform-react-jsx-source 478ms (cache miss)
136 silly packumentCache full:https://registry.npmjs.org/@babel%2fplugin-transform-react-jsx-source set size:undefined disposed:false
137 http fetch GET 200 https://registry.npmjs.org/picomatch 484ms (cache miss)
138 silly packumentCache full:https://registry.npmjs.org/picomatch set size:undefined disposed:false
139 http fetch GET 200 https://registry.npmjs.org/esbuild 559ms (cache miss)
140 silly packumentCache full:https://registry.npmjs.org/esbuild set size:undefined disposed:false
141 http fetch GET 200 https://registry.npmjs.org/react-refresh 608ms (cache miss)
142 silly packumentCache full:https://registry.npmjs.org/react-refresh set size:undefined disposed:false
143 http fetch GET 200 https://registry.npmjs.org/rollup 770ms (cache miss)
144 silly packumentCache full:https://registry.npmjs.org/rollup set size:undefined disposed:false
145 http fetch GET 200 https://registry.npmjs.org/scheduler 916ms (cache miss)
146 silly packumentCache full:https://registry.npmjs.org/scheduler set size:undefined disposed:false
147 silly placeDep ROOT @babel/core@7.29.0 OK for: @vitejs/plugin-react@4.7.0 want: ^7.28.0
148 silly placeDep ROOT @babel/plugin-transform-react-jsx-self@7.27.1 OK for: @vitejs/plugin-react@4.7.0 want: ^7.27.1
149 silly placeDep ROOT @babel/plugin-transform-react-jsx-source@7.27.1 OK for: @vitejs/plugin-react@4.7.0 want: ^7.27.1
150 silly placeDep ROOT @rolldown/pluginutils@1.0.0-beta.27 OK for: @vitejs/plugin-react@4.7.0 want: 1.0.0-beta.27
151 silly placeDep ROOT @types/babel__core@7.20.5 OK for: @vitejs/plugin-react@4.7.0 want: ^7.20.5
152 silly placeDep ROOT react-refresh@0.17.0 OK for: @vitejs/plugin-react@4.7.0 want: ^0.17.0
153 silly fetch manifest debug@^4.1.0
154 silly packumentCache full:https://registry.npmjs.org/debug cache-miss
155 silly fetch manifest json5@^2.2.3
156 silly packumentCache full:https://registry.npmjs.org/json5 cache-miss
157 silly fetch manifest semver@^6.3.1
158 silly packumentCache full:https://registry.npmjs.org/semver cache-miss
159 silly fetch manifest gensync@^1.0.0-beta.2
160 silly packumentCache full:https://registry.npmjs.org/gensync cache-miss
161 silly fetch manifest @babel/types@^7.29.0
162 silly packumentCache full:https://registry.npmjs.org/@babel%2ftypes cache-miss
163 silly fetch manifest @babel/parser@^7.29.0
164 silly packumentCache full:https://registry.npmjs.org/@babel%2fparser cache-miss
165 silly fetch manifest @babel/helpers@^7.28.6
166 silly packumentCache full:https://registry.npmjs.org/@babel%2fhelpers cache-miss
167 silly fetch manifest @babel/template@^7.28.6
168 silly packumentCache full:https://registry.npmjs.org/@babel%2ftemplate cache-miss
169 silly fetch manifest @babel/traverse@^7.29.0
170 silly packumentCache full:https://registry.npmjs.org/@babel%2ftraverse cache-miss
171 silly fetch manifest @babel/generator@^7.29.0
172 silly packumentCache full:https://registry.npmjs.org/@babel%2fgenerator cache-miss
173 silly fetch manifest @babel/code-frame@^7.29.0
174 silly packumentCache full:https://registry.npmjs.org/@babel%2fcode-frame cache-miss
175 silly fetch manifest convert-source-map@^2.0.0
176 silly packumentCache full:https://registry.npmjs.org/convert-source-map cache-miss
177 silly fetch manifest @jridgewell/remapping@^2.3.5
178 silly packumentCache full:https://registry.npmjs.org/@jridgewell%2fremapping cache-miss
179 silly fetch manifest @babel/helper-module-transforms@^7.28.6
180 silly packumentCache full:https://registry.npmjs.org/@babel%2fhelper-module-transforms cache-miss
181 silly fetch manifest @babel/helper-compilation-targets@^7.28.6
182 silly packumentCache full:https://registry.npmjs.org/@babel%2fhelper-compilation-targets cache-miss
183 http fetch GET 200 https://registry.npmjs.org/gensync 154ms (cache miss)
184 silly packumentCache full:https://registry.npmjs.org/gensync set size:undefined disposed:false
185 silly fetch manifest @babel/helper-plugin-utils@^7.27.1
186 silly packumentCache full:https://registry.npmjs.org/@babel%2fhelper-plugin-utils cache-miss
187 http fetch GET 200 https://registry.npmjs.org/json5 166ms (cache miss)
188 silly packumentCache full:https://registry.npmjs.org/json5 set size:undefined disposed:false
189 silly fetch manifest @babel/helper-plugin-utils@^7.27.1
190 silly packumentCache full:https://registry.npmjs.org/@babel%2fhelper-plugin-utils cache-miss
191 http fetch GET 200 https://registry.npmjs.org/@jridgewell%2fremapping 169ms (cache miss)
192 silly packumentCache full:https://registry.npmjs.org/@jridgewell%2fremapping set size:undefined disposed:false
193 silly fetch manifest @babel/types@^7.20.7
194 silly packumentCache full:https://registry.npmjs.org/@babel%2ftypes cache-miss
195 http fetch GET 200 https://registry.npmjs.org/debug 196ms (cache miss)
196 silly packumentCache full:https://registry.npmjs.org/debug set size:undefined disposed:false
197 silly fetch manifest @babel/parser@^7.20.7
198 silly packumentCache full:https://registry.npmjs.org/@babel%2fparser cache-miss
199 http fetch GET 200 https://registry.npmjs.org/convert-source-map 201ms (cache miss)
200 silly packumentCache full:https://registry.npmjs.org/convert-source-map set size:undefined disposed:false
201 silly fetch manifest @types/babel__template@*
202 silly packumentCache full:https://registry.npmjs.org/@types%2fbabel__template cache-miss
203 http fetch GET 200 https://registry.npmjs.org/@babel%2fhelper-compilation-targets 203ms (cache miss)
204 silly packumentCache full:https://registry.npmjs.org/@babel%2fhelper-compilation-targets set size:undefined disposed:false
205 silly fetch manifest @types/babel__traverse@*
206 silly packumentCache full:https://registry.npmjs.org/@types%2fbabel__traverse cache-miss
207 http fetch GET 200 https://registry.npmjs.org/semver 225ms (cache miss)
208 silly packumentCache full:https://registry.npmjs.org/semver set size:undefined disposed:false
209 silly fetch manifest @types/babel__generator@*
210 silly packumentCache full:https://registry.npmjs.org/@types%2fbabel__generator cache-miss
211 http fetch GET 200 https://registry.npmjs.org/@babel%2fhelper-module-transforms 229ms (cache miss)
212 silly packumentCache full:https://registry.npmjs.org/@babel%2fhelper-module-transforms set size:undefined disposed:false
213 http fetch GET 200 https://registry.npmjs.org/@babel%2fcode-frame 238ms (cache miss)
214 silly packumentCache full:https://registry.npmjs.org/@babel%2fcode-frame set size:undefined disposed:false
215 http fetch GET 200 https://registry.npmjs.org/@babel%2ftemplate 247ms (cache miss)
216 silly packumentCache full:https://registry.npmjs.org/@babel%2ftemplate set size:undefined disposed:false
217 http fetch GET 200 https://registry.npmjs.org/@babel%2ftypes 258ms (cache miss)
218 silly packumentCache full:https://registry.npmjs.org/@babel%2ftypes set size:undefined disposed:false
219 http fetch GET 200 https://registry.npmjs.org/@babel%2fhelpers 275ms (cache miss)
220 silly packumentCache full:https://registry.npmjs.org/@babel%2fhelpers set size:undefined disposed:false
221 http fetch GET 200 https://registry.npmjs.org/@babel%2fgenerator 284ms (cache miss)
222 silly packumentCache full:https://registry.npmjs.org/@babel%2fgenerator set size:undefined disposed:false
223 http fetch GET 200 https://registry.npmjs.org/@babel%2ftraverse 310ms (cache miss)
224 silly packumentCache full:https://registry.npmjs.org/@babel%2ftraverse set size:undefined disposed:false
225 http fetch GET 200 https://registry.npmjs.org/@babel%2fparser 322ms (cache miss)
226 silly packumentCache full:https://registry.npmjs.org/@babel%2fparser set size:undefined disposed:false
227 http fetch GET 200 https://registry.npmjs.org/@types%2fbabel__template 132ms (cache miss)
228 silly packumentCache full:https://registry.npmjs.org/@types%2fbabel__template set size:undefined disposed:false
229 http fetch GET 200 https://registry.npmjs.org/@types%2fbabel__traverse 132ms (cache miss)
230 silly packumentCache full:https://registry.npmjs.org/@types%2fbabel__traverse set size:undefined disposed:false
231 http fetch GET 200 https://registry.npmjs.org/@types%2fbabel__generator 117ms (cache miss)
232 silly packumentCache full:https://registry.npmjs.org/@types%2fbabel__generator set size:undefined disposed:false
233 http fetch GET 200 https://registry.npmjs.org/@babel%2ftypes 177ms (cache miss)
234 silly packumentCache full:https://registry.npmjs.org/@babel%2ftypes set size:undefined disposed:false
235 http fetch GET 200 https://registry.npmjs.org/@babel%2fparser 168ms (cache miss)
236 silly packumentCache full:https://registry.npmjs.org/@babel%2fparser set size:undefined disposed:false
237 http fetch GET 200 https://registry.npmjs.org/@babel%2fhelper-plugin-utils 236ms (cache miss)
238 silly packumentCache full:https://registry.npmjs.org/@babel%2fhelper-plugin-utils set size:undefined disposed:false
239 http fetch GET 200 https://registry.npmjs.org/@babel%2fhelper-plugin-utils 237ms (cache miss)
240 silly packumentCache full:https://registry.npmjs.org/@babel%2fhelper-plugin-utils set size:undefined disposed:false
241 silly fetch manifest @babel/core@^7.0.0
242 silly packumentCache full:https://registry.npmjs.org/@babel%2fcore cache-miss
243 http cache https://registry.npmjs.org/@babel%2fcore 12ms (cache hit)
244 silly packumentCache full:https://registry.npmjs.org/@babel%2fcore set size:760113 disposed:false
245 silly placeDep ROOT @babel/code-frame@7.29.0 OK for: @babel/core@7.29.0 want: ^7.29.0
246 silly placeDep ROOT @babel/generator@7.29.1 OK for: @babel/core@7.29.0 want: ^7.29.0
247 silly placeDep ROOT @babel/helper-compilation-targets@7.28.6 OK for: @babel/core@7.29.0 want: ^7.28.6
248 silly placeDep ROOT @babel/helper-module-transforms@7.28.6 OK for: @babel/core@7.29.0 want: ^7.28.6
249 silly placeDep ROOT @babel/helpers@7.29.2 OK for: @babel/core@7.29.0 want: ^7.28.6
250 silly placeDep ROOT @babel/parser@7.29.2 OK for: @babel/core@7.29.0 want: ^7.29.0
251 silly placeDep ROOT @babel/template@7.28.6 OK for: @babel/core@7.29.0 want: ^7.28.6
252 silly placeDep ROOT @babel/traverse@7.29.0 OK for: @babel/core@7.29.0 want: ^7.29.0
253 silly placeDep ROOT @babel/types@7.29.0 OK for: @babel/core@7.29.0 want: ^7.29.0
254 silly placeDep ROOT @jridgewell/remapping@2.3.5 OK for: @babel/core@7.29.0 want: ^2.3.5
255 silly placeDep ROOT convert-source-map@2.0.0 OK for: @babel/core@7.29.0 want: ^2.0.0
256 silly placeDep ROOT debug@4.4.3 OK for: @babel/core@7.29.0 want: ^4.1.0
257 silly placeDep ROOT gensync@1.0.0-beta.2 OK for: @babel/core@7.29.0 want: ^1.0.0-beta.2
258 silly placeDep ROOT json5@2.2.3 OK for: @babel/core@7.29.0 want: ^2.2.3
259 silly placeDep ROOT semver@6.3.1 OK for: @babel/core@7.29.0 want: ^6.3.1
260 silly fetch manifest js-tokens@^4.0.0
261 silly packumentCache full:https://registry.npmjs.org/js-tokens cache-miss
262 silly fetch manifest picocolors@^1.1.1
263 silly packumentCache full:https://registry.npmjs.org/picocolors cache-miss
264 silly fetch manifest @babel/helper-validator-identifier@^7.28.5
265 silly packumentCache full:https://registry.npmjs.org/@babel%2fhelper-validator-identifier cache-miss
266 silly fetch manifest jsesc@^3.0.2
267 silly packumentCache full:https://registry.npmjs.org/jsesc cache-miss
268 silly fetch manifest @jridgewell/gen-mapping@^0.3.12
269 silly packumentCache full:https://registry.npmjs.org/@jridgewell%2fgen-mapping cache-miss
270 silly fetch manifest @jridgewell/trace-mapping@^0.3.28
271 silly packumentCache full:https://registry.npmjs.org/@jridgewell%2ftrace-mapping cache-miss
272 silly fetch manifest lru-cache@^5.1.1
273 silly packumentCache full:https://registry.npmjs.org/lru-cache cache-miss
274 silly fetch manifest browserslist@^4.24.0
275 silly packumentCache full:https://registry.npmjs.org/browserslist cache-miss
276 silly fetch manifest @babel/compat-data@^7.28.6
277 silly packumentCache full:https://registry.npmjs.org/@babel%2fcompat-data cache-miss
278 silly fetch manifest @babel/helper-validator-option@^7.27.1
279 silly packumentCache full:https://registry.npmjs.org/@babel%2fhelper-validator-option cache-miss
280 silly fetch manifest @babel/traverse@^7.28.6
281 silly packumentCache full:https://registry.npmjs.org/@babel%2ftraverse cache-miss
282 silly fetch manifest @babel/helper-module-imports@^7.28.6
283 silly packumentCache full:https://registry.npmjs.org/@babel%2fhelper-module-imports cache-miss
284 silly fetch manifest @babel/helper-validator-identifier@^7.28.5
285 silly packumentCache full:https://registry.npmjs.org/@babel%2fhelper-validator-identifier cache-miss
286 silly fetch manifest @babel/types@^7.28.6
287 silly packumentCache full:https://registry.npmjs.org/@babel%2ftypes cache-miss
288 silly fetch manifest debug@^4.3.1
289 silly packumentCache full:https://registry.npmjs.org/debug cache-miss
290 http cache https://registry.npmjs.org/@babel%2ftraverse 37ms (cache hit)
291 silly packumentCache full:https://registry.npmjs.org/@babel%2ftraverse set size:548722 disposed:false
292 silly fetch manifest @babel/helper-globals@^7.28.0
293 silly packumentCache full:https://registry.npmjs.org/@babel%2fhelper-globals cache-miss
294 http cache https://registry.npmjs.org/@babel%2ftypes 41ms (cache hit)
295 silly packumentCache full:https://registry.npmjs.org/@babel%2ftypes set size:487885 disposed:false
296 silly fetch manifest @babel/helper-string-parser@^7.27.1
297 silly packumentCache full:https://registry.npmjs.org/@babel%2fhelper-string-parser cache-miss
298 http cache https://registry.npmjs.org/debug 47ms (cache hit)
299 silly packumentCache full:https://registry.npmjs.org/debug set size:195840 disposed:false
300 silly fetch manifest @babel/helper-validator-identifier@^7.28.5
301 silly packumentCache full:https://registry.npmjs.org/@babel%2fhelper-validator-identifier cache-miss
302 http fetch GET 200 https://registry.npmjs.org/jsesc 84ms (cache miss)
303 silly packumentCache full:https://registry.npmjs.org/jsesc set size:undefined disposed:false
304 silly fetch manifest @jridgewell/gen-mapping@^0.3.5
305 silly packumentCache full:https://registry.npmjs.org/@jridgewell%2fgen-mapping cache-miss
306 http fetch GET 200 https://registry.npmjs.org/picocolors 116ms (cache miss)
307 silly packumentCache full:https://registry.npmjs.org/picocolors set size:undefined disposed:false
308 silly fetch manifest @jridgewell/trace-mapping@^0.3.24
309 silly packumentCache full:https://registry.npmjs.org/@jridgewell%2ftrace-mapping cache-miss
310 http fetch GET 200 https://registry.npmjs.org/@jridgewell%2fgen-mapping 145ms (cache miss)
311 silly packumentCache full:https://registry.npmjs.org/@jridgewell%2fgen-mapping set size:undefined disposed:false
312 silly fetch manifest ms@^2.1.3
313 silly packumentCache full:https://registry.npmjs.org/ms cache-miss
314 http fetch GET 200 https://registry.npmjs.org/js-tokens 151ms (cache miss)
315 silly packumentCache full:https://registry.npmjs.org/js-tokens set size:undefined disposed:false
316 http fetch GET 200 https://registry.npmjs.org/@babel%2fhelper-globals 109ms (cache miss)
317 silly packumentCache full:https://registry.npmjs.org/@babel%2fhelper-globals set size:undefined disposed:false
318 http fetch GET 200 https://registry.npmjs.org/@babel%2fhelper-validator-option 154ms (cache miss)
319 silly packumentCache full:https://registry.npmjs.org/@babel%2fhelper-validator-option set size:undefined disposed:false
320 http fetch GET 200 https://registry.npmjs.org/@babel%2fhelper-validator-identifier 161ms (cache miss)
321 silly packumentCache full:https://registry.npmjs.org/@babel%2fhelper-validator-identifier set size:undefined disposed:false
322 http fetch GET 200 https://registry.npmjs.org/@babel%2fhelper-validator-identifier 157ms (cache miss)
323 silly packumentCache full:https://registry.npmjs.org/@babel%2fhelper-validator-identifier set size:undefined disposed:false
324 http fetch GET 200 https://registry.npmjs.org/@babel%2fhelper-module-imports 165ms (cache miss)
325 silly packumentCache full:https://registry.npmjs.org/@babel%2fhelper-module-imports set size:undefined disposed:false
326 http fetch GET 200 https://registry.npmjs.org/@jridgewell%2ftrace-mapping 173ms (cache miss)
327 silly packumentCache full:https://registry.npmjs.org/@jridgewell%2ftrace-mapping set size:undefined disposed:false
328 http fetch GET 200 https://registry.npmjs.org/@babel%2fhelper-string-parser 125ms (cache miss)
329 silly packumentCache full:https://registry.npmjs.org/@babel%2fhelper-string-parser set size:undefined disposed:false
330 http fetch GET 200 https://registry.npmjs.org/@babel%2fhelper-validator-identifier 121ms (cache miss)
331 silly packumentCache full:https://registry.npmjs.org/@babel%2fhelper-validator-identifier set size:undefined disposed:false
332 http fetch GET 200 https://registry.npmjs.org/@babel%2fcompat-data 180ms (cache miss)
333 silly packumentCache full:https://registry.npmjs.org/@babel%2fcompat-data set size:undefined disposed:false
334 http fetch GET 200 https://registry.npmjs.org/lru-cache 192ms (cache miss)
335 silly packumentCache full:https://registry.npmjs.org/lru-cache set size:undefined disposed:false
336 http fetch GET 200 https://registry.npmjs.org/@jridgewell%2fgen-mapping 115ms (cache miss)
337 silly packumentCache full:https://registry.npmjs.org/@jridgewell%2fgen-mapping set size:undefined disposed:false
338 http fetch GET 200 https://registry.npmjs.org/browserslist 202ms (cache miss)
339 silly packumentCache full:https://registry.npmjs.org/browserslist set size:undefined disposed:false
340 http fetch GET 200 https://registry.npmjs.org/@jridgewell%2ftrace-mapping 99ms (cache miss)
341 silly packumentCache full:https://registry.npmjs.org/@jridgewell%2ftrace-mapping set size:undefined disposed:false
342 http fetch GET 200 https://registry.npmjs.org/ms 80ms (cache miss)
343 silly packumentCache full:https://registry.npmjs.org/ms set size:undefined disposed:false
344 silly placeDep ROOT @babel/helper-validator-identifier@7.28.5 OK for: @babel/code-frame@7.29.0 want: ^7.28.5
345 silly placeDep ROOT js-tokens@4.0.0 OK for: @babel/code-frame@7.29.0 want: ^4.0.0
346 silly placeDep ROOT picocolors@1.1.1 OK for: @babel/code-frame@7.29.0 want: ^1.1.1
347 silly placeDep ROOT @jridgewell/gen-mapping@0.3.13 OK for: @babel/generator@7.29.1 want: ^0.3.12
348 silly placeDep ROOT @jridgewell/trace-mapping@0.3.31 OK for: @babel/generator@7.29.1 want: ^0.3.28
349 silly placeDep ROOT jsesc@3.1.0 OK for: @babel/generator@7.29.1 want: ^3.0.2
350 silly fetch manifest @jridgewell/sourcemap-codec@^1.5.0
351 silly packumentCache full:https://registry.npmjs.org/@jridgewell%2fsourcemap-codec cache-miss
352 silly fetch manifest @jridgewell/resolve-uri@^3.1.0
353 silly packumentCache full:https://registry.npmjs.org/@jridgewell%2fresolve-uri cache-miss
354 silly fetch manifest @jridgewell/sourcemap-codec@^1.4.14
355 silly packumentCache full:https://registry.npmjs.org/@jridgewell%2fsourcemap-codec cache-miss
356 http fetch GET 200 https://registry.npmjs.org/@jridgewell%2fsourcemap-codec 80ms (cache miss)
357 silly packumentCache full:https://registry.npmjs.org/@jridgewell%2fsourcemap-codec set size:undefined disposed:false
358 http fetch GET 200 https://registry.npmjs.org/@jridgewell%2fsourcemap-codec 83ms (cache miss)
359 silly packumentCache full:https://registry.npmjs.org/@jridgewell%2fsourcemap-codec set size:undefined disposed:false
360 http fetch GET 200 https://registry.npmjs.org/@jridgewell%2fresolve-uri 92ms (cache miss)
361 silly packumentCache full:https://registry.npmjs.org/@jridgewell%2fresolve-uri set size:undefined disposed:false
362 silly placeDep ROOT @babel/compat-data@7.29.0 OK for: @babel/helper-compilation-targets@7.28.6 want: ^7.28.6
363 silly placeDep ROOT @babel/helper-validator-option@7.27.1 OK for: @babel/helper-compilation-targets@7.28.6 want: ^7.27.1
364 silly placeDep ROOT browserslist@4.28.1 OK for: @babel/helper-compilation-targets@7.28.6 want: ^4.24.0
365 silly placeDep ROOT lru-cache@5.1.1 OK for: @babel/helper-compilation-targets@7.28.6 want: ^5.1.1
366 silly fetch manifest baseline-browser-mapping@^2.9.0
367 silly packumentCache full:https://registry.npmjs.org/baseline-browser-mapping cache-miss
368 silly fetch manifest caniuse-lite@^1.0.30001759
369 silly packumentCache full:https://registry.npmjs.org/caniuse-lite cache-miss
370 silly fetch manifest electron-to-chromium@^1.5.263
371 silly packumentCache full:https://registry.npmjs.org/electron-to-chromium cache-miss
372 silly fetch manifest node-releases@^2.0.27
373 silly packumentCache full:https://registry.npmjs.org/node-releases cache-miss
374 silly fetch manifest update-browserslist-db@^1.2.0
375 silly packumentCache full:https://registry.npmjs.org/update-browserslist-db cache-miss
376 silly fetch manifest yallist@^3.0.2
377 silly packumentCache full:https://registry.npmjs.org/yallist cache-miss
378 http fetch GET 200 https://registry.npmjs.org/yallist 90ms (cache miss)
379 silly packumentCache full:https://registry.npmjs.org/yallist set size:undefined disposed:false
380 http fetch GET 200 https://registry.npmjs.org/update-browserslist-db 119ms (cache miss)
381 silly packumentCache full:https://registry.npmjs.org/update-browserslist-db set size:undefined disposed:false
382 http fetch GET 200 https://registry.npmjs.org/baseline-browser-mapping 127ms (cache miss)
383 silly packumentCache full:https://registry.npmjs.org/baseline-browser-mapping set size:undefined disposed:false
384 http fetch GET 200 https://registry.npmjs.org/node-releases 151ms (cache miss)
385 silly packumentCache full:https://registry.npmjs.org/node-releases set size:undefined disposed:false
386 http fetch GET 200 https://registry.npmjs.org/caniuse-lite 188ms (cache miss)
387 silly packumentCache full:https://registry.npmjs.org/caniuse-lite set size:undefined disposed:false
388 http fetch GET 200 https://registry.npmjs.org/electron-to-chromium 253ms (cache miss)
389 silly packumentCache full:https://registry.npmjs.org/electron-to-chromium set size:undefined disposed:false
390 silly placeDep ROOT @babel/helper-module-imports@7.28.6 OK for: @babel/helper-module-transforms@7.28.6 want: ^7.28.6
391 silly placeDep ROOT @babel/helper-plugin-utils@7.28.6 OK for: @babel/plugin-transform-react-jsx-self@7.27.1 want: ^7.27.1
392 silly placeDep ROOT @babel/helper-globals@7.28.0 OK for: @babel/traverse@7.29.0 want: ^7.28.0
393 silly placeDep ROOT @babel/helper-string-parser@7.27.1 OK for: @babel/types@7.29.0 want: ^7.27.1
394 silly placeDep ROOT @jridgewell/sourcemap-codec@1.5.5 OK for: @jridgewell/gen-mapping@0.3.13 want: ^1.5.0
395 silly placeDep ROOT @jridgewell/resolve-uri@3.1.2 OK for: @jridgewell/trace-mapping@0.3.31 want: ^3.1.0
396 silly placeDep ROOT @types/babel__generator@7.27.0 OK for: @types/babel__core@7.20.5 want: *
397 silly placeDep ROOT @types/babel__template@7.4.4 OK for: @types/babel__core@7.20.5 want: *
398 silly placeDep ROOT @types/babel__traverse@7.28.0 OK for: @types/babel__core@7.20.5 want: *
399 silly fetch manifest browserslist@>= 4.21.0
400 silly packumentCache full:https://registry.npmjs.org/browserslist cache-miss
401 http cache https://registry.npmjs.org/browserslist 16ms (cache hit)
402 silly packumentCache full:https://registry.npmjs.org/browserslist set size:502989 disposed:false
403 silly placeDep ROOT baseline-browser-mapping@2.10.10 OK for: browserslist@4.28.1 want: ^2.9.0
404 silly placeDep ROOT caniuse-lite@1.0.30001781 OK for: browserslist@4.28.1 want: ^1.0.30001759
405 silly placeDep ROOT electron-to-chromium@1.5.325 OK for: browserslist@4.28.1 want: ^1.5.263
406 silly placeDep ROOT node-releases@2.0.36 OK for: browserslist@4.28.1 want: ^2.0.27
407 silly placeDep ROOT update-browserslist-db@1.2.3 OK for: browserslist@4.28.1 want: ^1.2.0
408 silly fetch manifest escalade@^3.2.0
409 silly packumentCache full:https://registry.npmjs.org/escalade cache-miss
410 http fetch GET 200 https://registry.npmjs.org/escalade 85ms (cache miss)
411 silly packumentCache full:https://registry.npmjs.org/escalade set size:undefined disposed:false
412 silly placeDep ROOT ms@2.1.3 OK for: debug@4.4.3 want: ^2.1.3
413 silly placeDep ROOT yallist@3.1.1 OK for: lru-cache@5.1.1 want: ^3.0.2
414 silly placeDep ROOT loose-envify@1.4.0 OK for: react@18.3.1 want: ^1.1.0
415 silly placeDep ROOT scheduler@0.23.2 OK for: react-dom@18.3.1 want: ^0.23.2
416 silly placeDep ROOT escalade@3.2.0 OK for: update-browserslist-db@1.2.3 want: ^3.2.0
417 silly placeDep ROOT esbuild@0.25.12 OK for: vite@6.4.1 want: ^0.25.0
418 silly placeDep ROOT fdir@6.5.0 OK for: vite@6.4.1 want: ^6.4.4
419 silly placeDep ROOT fsevents@2.3.3 OK for: vite@6.4.1 want: ~2.3.3
420 silly placeDep ROOT picomatch@4.0.4 OK for: vite@6.4.1 want: ^4.0.2
421 silly placeDep ROOT postcss@8.5.8 OK for: vite@6.4.1 want: ^8.5.3
422 silly placeDep ROOT rollup@4.60.0 OK for: vite@6.4.1 want: ^4.34.9
423 silly placeDep ROOT tinyglobby@0.2.15 OK for: vite@6.4.1 want: ^0.2.13
424 silly fetch manifest @esbuild/aix-ppc64@0.25.12
425 silly packumentCache full:https://registry.npmjs.org/@esbuild%2faix-ppc64 cache-miss
426 silly fetch manifest @esbuild/linux-arm@0.25.12
427 silly packumentCache full:https://registry.npmjs.org/@esbuild%2flinux-arm cache-miss
428 silly fetch manifest @esbuild/linux-x64@0.25.12
429 silly packumentCache full:https://registry.npmjs.org/@esbuild%2flinux-x64 cache-miss
430 silly fetch manifest @esbuild/sunos-x64@0.25.12
431 silly packumentCache full:https://registry.npmjs.org/@esbuild%2fsunos-x64 cache-miss
432 silly fetch manifest @esbuild/win32-x64@0.25.12
433 silly packumentCache full:https://registry.npmjs.org/@esbuild%2fwin32-x64 cache-miss
434 silly fetch manifest @esbuild/darwin-x64@0.25.12
435 silly packumentCache full:https://registry.npmjs.org/@esbuild%2fdarwin-x64 cache-miss
436 silly fetch manifest @esbuild/linux-ia32@0.25.12
437 silly packumentCache full:https://registry.npmjs.org/@esbuild%2flinux-ia32 cache-miss
438 silly fetch manifest @esbuild/netbsd-x64@0.25.12
439 silly packumentCache full:https://registry.npmjs.org/@esbuild%2fnetbsd-x64 cache-miss
440 silly fetch manifest @esbuild/win32-ia32@0.25.12
441 silly packumentCache full:https://registry.npmjs.org/@esbuild%2fwin32-ia32 cache-miss
442 silly fetch manifest @esbuild/android-arm@0.25.12
443 silly packumentCache full:https://registry.npmjs.org/@esbuild%2fandroid-arm cache-miss
444 silly fetch manifest @esbuild/android-x64@0.25.12
445 silly packumentCache full:https://registry.npmjs.org/@esbuild%2fandroid-x64 cache-miss
446 silly fetch manifest @esbuild/freebsd-x64@0.25.12
447 silly packumentCache full:https://registry.npmjs.org/@esbuild%2ffreebsd-x64 cache-miss
448 silly fetch manifest @esbuild/linux-arm64@0.25.12
449 silly packumentCache full:https://registry.npmjs.org/@esbuild%2flinux-arm64 cache-miss
450 silly fetch manifest @esbuild/linux-ppc64@0.25.12
451 silly packumentCache full:https://registry.npmjs.org/@esbuild%2flinux-ppc64 cache-miss
452 silly fetch manifest @esbuild/linux-s390x@0.25.12
453 silly packumentCache full:https://registry.npmjs.org/@esbuild%2flinux-s390x cache-miss
454 http fetch GET 200 https://registry.npmjs.org/@esbuild%2faix-ppc64 139ms (cache miss)
455 silly packumentCache full:https://registry.npmjs.org/@esbuild%2faix-ppc64 set size:undefined disposed:false
456 silly fetch manifest @esbuild/openbsd-x64@0.25.12
457 silly packumentCache full:https://registry.npmjs.org/@esbuild%2fopenbsd-x64 cache-miss
458 http fetch GET 200 https://registry.npmjs.org/@esbuild%2flinux-x64 169ms (cache miss)
459 silly packumentCache full:https://registry.npmjs.org/@esbuild%2flinux-x64 set size:undefined disposed:false
460 silly fetch manifest @esbuild/win32-arm64@0.25.12
461 silly packumentCache full:https://registry.npmjs.org/@esbuild%2fwin32-arm64 cache-miss
462 http fetch GET 200 https://registry.npmjs.org/@esbuild%2fnetbsd-x64 178ms (cache miss)
463 silly packumentCache full:https://registry.npmjs.org/@esbuild%2fnetbsd-x64 set size:undefined disposed:false
464 silly fetch manifest @esbuild/darwin-arm64@0.25.12
465 silly packumentCache full:https://registry.npmjs.org/@esbuild%2fdarwin-arm64 cache-miss
466 http fetch GET 200 https://registry.npmjs.org/@esbuild%2flinux-ia32 188ms (cache miss)
467 silly packumentCache full:https://registry.npmjs.org/@esbuild%2flinux-ia32 set size:undefined disposed:false
468 silly fetch manifest @esbuild/netbsd-arm64@0.25.12
469 silly packumentCache full:https://registry.npmjs.org/@esbuild%2fnetbsd-arm64 cache-miss
470 http fetch GET 200 https://registry.npmjs.org/@esbuild%2fsunos-x64 193ms (cache miss)
471 silly packumentCache full:https://registry.npmjs.org/@esbuild%2fsunos-x64 set size:undefined disposed:false
472 silly fetch manifest @esbuild/android-arm64@0.25.12
473 silly packumentCache full:https://registry.npmjs.org/@esbuild%2fandroid-arm64 cache-miss
474 http fetch GET 200 https://registry.npmjs.org/@esbuild%2flinux-arm 206ms (cache miss)
475 silly packumentCache full:https://registry.npmjs.org/@esbuild%2flinux-arm set size:undefined disposed:false
476 silly fetch manifest @esbuild/freebsd-arm64@0.25.12
477 silly packumentCache full:https://registry.npmjs.org/@esbuild%2ffreebsd-arm64 cache-miss
478 http fetch GET 200 https://registry.npmjs.org/@esbuild%2flinux-ppc64 207ms (cache miss)
479 silly packumentCache full:https://registry.npmjs.org/@esbuild%2flinux-ppc64 set size:undefined disposed:false
480 silly fetch manifest @esbuild/linux-loong64@0.25.12
481 silly packumentCache full:https://registry.npmjs.org/@esbuild%2flinux-loong64 cache-miss
482 http fetch GET 200 https://registry.npmjs.org/@esbuild%2ffreebsd-x64 213ms (cache miss)
483 silly packumentCache full:https://registry.npmjs.org/@esbuild%2ffreebsd-x64 set size:undefined disposed:false
484 silly fetch manifest @esbuild/linux-riscv64@0.25.12
485 silly packumentCache full:https://registry.npmjs.org/@esbuild%2flinux-riscv64 cache-miss
486 http fetch GET 200 https://registry.npmjs.org/@esbuild%2fwin32-x64 217ms (cache miss)
487 silly packumentCache full:https://registry.npmjs.org/@esbuild%2fwin32-x64 set size:undefined disposed:false
488 silly fetch manifest @esbuild/openbsd-arm64@0.25.12
489 silly packumentCache full:https://registry.npmjs.org/@esbuild%2fopenbsd-arm64 cache-miss
490 http fetch GET 200 https://registry.npmjs.org/@esbuild%2fandroid-x64 221ms (cache miss)
491 silly packumentCache full:https://registry.npmjs.org/@esbuild%2fandroid-x64 set size:undefined disposed:false
492 silly fetch manifest @esbuild/linux-mips64el@0.25.12
493 silly packumentCache full:https://registry.npmjs.org/@esbuild%2flinux-mips64el cache-miss
494 http fetch GET 200 https://registry.npmjs.org/@esbuild%2fandroid-arm 224ms (cache miss)
495 silly packumentCache full:https://registry.npmjs.org/@esbuild%2fandroid-arm set size:undefined disposed:false
496 silly fetch manifest @esbuild/openharmony-arm64@0.25.12
497 silly packumentCache full:https://registry.npmjs.org/@esbuild%2fopenharmony-arm64 cache-miss
498 http fetch GET 200 https://registry.npmjs.org/@esbuild%2flinux-arm64 228ms (cache miss)
499 silly packumentCache full:https://registry.npmjs.org/@esbuild%2flinux-arm64 set size:undefined disposed:false
500 silly fetch manifest nanoid@^3.3.11
501 silly packumentCache full:https://registry.npmjs.org/nanoid cache-miss
502 http fetch GET 200 https://registry.npmjs.org/@esbuild%2fwin32-ia32 231ms (cache miss)
503 silly packumentCache full:https://registry.npmjs.org/@esbuild%2fwin32-ia32 set size:undefined disposed:false
504 silly fetch manifest source-map-js@^1.2.1
505 silly packumentCache full:https://registry.npmjs.org/source-map-js cache-miss
506 http fetch GET 200 https://registry.npmjs.org/@esbuild%2flinux-s390x 239ms (cache miss)
507 silly packumentCache full:https://registry.npmjs.org/@esbuild%2flinux-s390x set size:undefined disposed:false
508 silly fetch manifest @types/estree@1.0.8
509 silly packumentCache full:https://registry.npmjs.org/@types%2festree cache-miss
510 http fetch GET 200 https://registry.npmjs.org/@esbuild%2fdarwin-x64 251ms (cache miss)
511 silly packumentCache full:https://registry.npmjs.org/@esbuild%2fdarwin-x64 set size:undefined disposed:false
512 silly fetch manifest @rollup/rollup-darwin-arm64@4.60.0
513 silly packumentCache full:https://registry.npmjs.org/@rollup%2frollup-darwin-arm64 cache-miss
514 http fetch GET 200 https://registry.npmjs.org/@esbuild%2fopenbsd-x64 119ms (cache miss)
515 silly packumentCache full:https://registry.npmjs.org/@esbuild%2fopenbsd-x64 set size:undefined disposed:false
516 silly fetch manifest @rollup/rollup-android-arm64@4.60.0
517 silly packumentCache full:https://registry.npmjs.org/@rollup%2frollup-android-arm64 cache-miss
518 http fetch GET 200 https://registry.npmjs.org/@esbuild%2fwin32-arm64 96ms (cache miss)
519 silly packumentCache full:https://registry.npmjs.org/@esbuild%2fwin32-arm64 set size:undefined disposed:false
520 silly fetch manifest @rollup/rollup-win32-arm64-msvc@4.60.0
521 silly packumentCache full:https://registry.npmjs.org/@rollup%2frollup-win32-arm64-msvc cache-miss
522 http fetch GET 200 https://registry.npmjs.org/@esbuild%2fnetbsd-arm64 98ms (cache miss)
523 silly packumentCache full:https://registry.npmjs.org/@esbuild%2fnetbsd-arm64 set size:undefined disposed:false
524 silly fetch manifest @rollup/rollup-freebsd-arm64@4.60.0
525 silly packumentCache full:https://registry.npmjs.org/@rollup%2frollup-freebsd-arm64 cache-miss
526 http fetch GET 200 https://registry.npmjs.org/@esbuild%2fandroid-arm64 99ms (cache miss)
527 silly packumentCache full:https://registry.npmjs.org/@esbuild%2fandroid-arm64 set size:undefined disposed:false
528 silly fetch manifest @rollup/rollup-linux-arm64-gnu@4.60.0
529 silly packumentCache full:https://registry.npmjs.org/@rollup%2frollup-linux-arm64-gnu cache-miss
530 http fetch GET 200 https://registry.npmjs.org/@esbuild%2fopenbsd-arm64 99ms (cache miss)
531 silly packumentCache full:https://registry.npmjs.org/@esbuild%2fopenbsd-arm64 set size:undefined disposed:false
532 silly fetch manifest @rollup/rollup-linux-arm64-musl@4.60.0
533 silly packumentCache full:https://registry.npmjs.org/@rollup%2frollup-linux-arm64-musl cache-miss
534 http fetch GET 200 https://registry.npmjs.org/source-map-js 107ms (cache miss)
535 silly packumentCache full:https://registry.npmjs.org/source-map-js set size:undefined disposed:false
536 silly fetch manifest @rollup/rollup-android-arm-eabi@4.60.0
537 silly packumentCache full:https://registry.npmjs.org/@rollup%2frollup-android-arm-eabi cache-miss
538 http fetch GET 200 https://registry.npmjs.org/@esbuild%2flinux-loong64 137ms (cache miss)
539 silly packumentCache full:https://registry.npmjs.org/@esbuild%2flinux-loong64 set size:undefined disposed:false
540 silly fetch manifest @rollup/rollup-linux-arm-gnueabihf@4.60.0
541 silly packumentCache full:https://registry.npmjs.org/@rollup%2frollup-linux-arm-gnueabihf cache-miss
542 http fetch GET 200 https://registry.npmjs.org/@esbuild%2ffreebsd-arm64 151ms (cache miss)
543 silly packumentCache full:https://registry.npmjs.org/@esbuild%2ffreebsd-arm64 set size:undefined disposed:false
544 silly fetch manifest @rollup/rollup-linux-arm-musleabihf@4.60.0
545 silly packumentCache full:https://registry.npmjs.org/@rollup%2frollup-linux-arm-musleabihf cache-miss
546 http fetch GET 200 https://registry.npmjs.org/@esbuild%2flinux-mips64el 136ms (cache miss)
547 silly packumentCache full:https://registry.npmjs.org/@esbuild%2flinux-mips64el set size:undefined disposed:false
548 silly fetch manifest @rollup/rollup-win32-ia32-msvc@4.60.0
549 silly packumentCache full:https://registry.npmjs.org/@rollup%2frollup-win32-ia32-msvc cache-miss
550 http fetch GET 200 https://registry.npmjs.org/@types%2festree 120ms (cache miss)
551 silly packumentCache full:https://registry.npmjs.org/@types%2festree set size:undefined disposed:false
552 silly fetch manifest @rollup/rollup-linux-loong64-gnu@4.60.0
553 silly packumentCache full:https://registry.npmjs.org/@rollup%2frollup-linux-loong64-gnu cache-miss
554 http fetch GET 200 https://registry.npmjs.org/@esbuild%2flinux-riscv64 160ms (cache miss)
555 silly packumentCache full:https://registry.npmjs.org/@esbuild%2flinux-riscv64 set size:undefined disposed:false
556 silly fetch manifest @rollup/rollup-linux-loong64-musl@4.60.0
557 silly packumentCache full:https://registry.npmjs.org/@rollup%2frollup-linux-loong64-musl cache-miss
558 http fetch GET 200 https://registry.npmjs.org/nanoid 155ms (cache miss)
559 silly packumentCache full:https://registry.npmjs.org/nanoid set size:undefined disposed:false
560 silly fetch manifest @rollup/rollup-linux-riscv64-gnu@4.60.0
561 silly packumentCache full:https://registry.npmjs.org/@rollup%2frollup-linux-riscv64-gnu cache-miss
562 http fetch GET 200 https://registry.npmjs.org/@rollup%2frollup-darwin-arm64 154ms (cache miss)
563 silly packumentCache full:https://registry.npmjs.org/@rollup%2frollup-darwin-arm64 set size:undefined disposed:false
564 silly fetch manifest @rollup/rollup-linux-riscv64-musl@4.60.0
565 silly packumentCache full:https://registry.npmjs.org/@rollup%2frollup-linux-riscv64-musl cache-miss
566 http fetch GET 200 https://registry.npmjs.org/@rollup%2frollup-android-arm64 166ms (cache miss)
567 silly packumentCache full:https://registry.npmjs.org/@rollup%2frollup-android-arm64 set size:undefined disposed:false
568 silly fetch manifest @rollup/rollup-linux-ppc64-gnu@4.60.0
569 silly packumentCache full:https://registry.npmjs.org/@rollup%2frollup-linux-ppc64-gnu cache-miss
570 http fetch GET 200 https://registry.npmjs.org/@rollup%2frollup-linux-arm64-gnu 160ms (cache miss)
571 silly packumentCache full:https://registry.npmjs.org/@rollup%2frollup-linux-arm64-gnu set size:undefined disposed:false
572 silly fetch manifest @rollup/rollup-linux-ppc64-musl@4.60.0
573 silly packumentCache full:https://registry.npmjs.org/@rollup%2frollup-linux-ppc64-musl cache-miss
574 http fetch GET 200 https://registry.npmjs.org/@rollup%2frollup-win32-arm64-msvc 189ms (cache miss)
575 silly packumentCache full:https://registry.npmjs.org/@rollup%2frollup-win32-arm64-msvc set size:undefined disposed:false
576 silly fetch manifest @rollup/rollup-linux-s390x-gnu@4.60.0
577 silly packumentCache full:https://registry.npmjs.org/@rollup%2frollup-linux-s390x-gnu cache-miss
578 http fetch GET 200 https://registry.npmjs.org/@rollup%2frollup-linux-arm64-musl 167ms (cache miss)
579 silly packumentCache full:https://registry.npmjs.org/@rollup%2frollup-linux-arm64-musl set size:undefined disposed:false
580 silly fetch manifest @rollup/rollup-darwin-x64@4.60.0
581 silly packumentCache full:https://registry.npmjs.org/@rollup%2frollup-darwin-x64 cache-miss
582 http fetch GET 200 https://registry.npmjs.org/@esbuild%2fdarwin-arm64 313ms (cache miss)
583 silly packumentCache full:https://registry.npmjs.org/@esbuild%2fdarwin-arm64 set size:undefined disposed:false
584 silly fetch manifest @rollup/rollup-win32-x64-gnu@4.60.0
585 silly packumentCache full:https://registry.npmjs.org/@rollup%2frollup-win32-x64-gnu cache-miss
586 http fetch GET 200 https://registry.npmjs.org/@rollup%2frollup-linux-loong64-musl 152ms (cache miss)
587 silly packumentCache full:https://registry.npmjs.org/@rollup%2frollup-linux-loong64-musl set size:undefined disposed:false
588 silly fetch manifest @rollup/rollup-win32-x64-msvc@4.60.0
589 silly packumentCache full:https://registry.npmjs.org/@rollup%2frollup-win32-x64-msvc cache-miss
590 http fetch GET 200 https://registry.npmjs.org/@rollup%2frollup-linux-loong64-gnu 170ms (cache miss)
591 silly packumentCache full:https://registry.npmjs.org/@rollup%2frollup-linux-loong64-gnu set size:undefined disposed:false
592 silly fetch manifest @rollup/rollup-freebsd-x64@4.60.0
593 silly packumentCache full:https://registry.npmjs.org/@rollup%2frollup-freebsd-x64 cache-miss
594 http fetch GET 200 https://registry.npmjs.org/@rollup%2frollup-linux-riscv64-musl 138ms (cache miss)
595 silly packumentCache full:https://registry.npmjs.org/@rollup%2frollup-linux-riscv64-musl set size:undefined disposed:false
596 silly fetch manifest @rollup/rollup-linux-x64-gnu@4.60.0
597 silly packumentCache full:https://registry.npmjs.org/@rollup%2frollup-linux-x64-gnu cache-miss
598 http fetch GET 200 https://registry.npmjs.org/@rollup%2frollup-linux-arm-gnueabihf 204ms (cache miss)
599 silly packumentCache full:https://registry.npmjs.org/@rollup%2frollup-linux-arm-gnueabihf set size:undefined disposed:false
600 silly fetch manifest @rollup/rollup-linux-x64-musl@4.60.0
601 silly packumentCache full:https://registry.npmjs.org/@rollup%2frollup-linux-x64-musl cache-miss
602 http fetch GET 200 https://registry.npmjs.org/@rollup%2frollup-freebsd-arm64 273ms (cache miss)
603 silly packumentCache full:https://registry.npmjs.org/@rollup%2frollup-freebsd-arm64 set size:undefined disposed:false
604 silly fetch manifest @rollup/rollup-openbsd-x64@4.60.0
605 silly packumentCache full:https://registry.npmjs.org/@rollup%2frollup-openbsd-x64 cache-miss
606 http fetch GET 200 https://registry.npmjs.org/@rollup%2frollup-linux-arm-musleabihf 212ms (cache miss)
607 silly packumentCache full:https://registry.npmjs.org/@rollup%2frollup-linux-arm-musleabihf set size:undefined disposed:false
608 silly fetch manifest @rollup/rollup-openharmony-arm64@4.60.0
609 silly packumentCache full:https://registry.npmjs.org/@rollup%2frollup-openharmony-arm64 cache-miss
610 http fetch GET 200 https://registry.npmjs.org/@rollup%2frollup-win32-ia32-msvc 223ms (cache miss)
611 silly packumentCache full:https://registry.npmjs.org/@rollup%2frollup-win32-ia32-msvc set size:undefined disposed:false
612 http fetch GET 200 https://registry.npmjs.org/@rollup%2frollup-android-arm-eabi 245ms (cache miss)
613 silly packumentCache full:https://registry.npmjs.org/@rollup%2frollup-android-arm-eabi set size:undefined disposed:false
614 http fetch GET 200 https://registry.npmjs.org/@rollup%2frollup-linux-ppc64-gnu 162ms (cache miss)
615 silly packumentCache full:https://registry.npmjs.org/@rollup%2frollup-linux-ppc64-gnu set size:undefined disposed:false
616 http fetch GET 200 https://registry.npmjs.org/@rollup%2frollup-linux-riscv64-gnu 210ms (cache miss)
617 silly packumentCache full:https://registry.npmjs.org/@rollup%2frollup-linux-riscv64-gnu set size:undefined disposed:false
618 http fetch GET 200 https://registry.npmjs.org/@rollup%2frollup-linux-ppc64-musl 158ms (cache miss)
619 silly packumentCache full:https://registry.npmjs.org/@rollup%2frollup-linux-ppc64-musl set size:undefined disposed:false
620 http fetch GET 200 https://registry.npmjs.org/@rollup%2frollup-win32-x64-gnu 132ms (cache miss)
621 silly packumentCache full:https://registry.npmjs.org/@rollup%2frollup-win32-x64-gnu set size:undefined disposed:false
622 http fetch GET 200 https://registry.npmjs.org/@rollup%2frollup-linux-s390x-gnu 169ms (cache miss)
623 silly packumentCache full:https://registry.npmjs.org/@rollup%2frollup-linux-s390x-gnu set size:undefined disposed:false
624 http fetch GET 200 https://registry.npmjs.org/@rollup%2frollup-darwin-x64 154ms (cache miss)
625 silly packumentCache full:https://registry.npmjs.org/@rollup%2frollup-darwin-x64 set size:undefined disposed:false
626 http fetch GET 200 https://registry.npmjs.org/@rollup%2frollup-freebsd-x64 116ms (cache miss)
627 silly packumentCache full:https://registry.npmjs.org/@rollup%2frollup-freebsd-x64 set size:undefined disposed:false
628 http fetch GET 200 https://registry.npmjs.org/@rollup%2frollup-win32-x64-msvc 133ms (cache miss)
629 silly packumentCache full:https://registry.npmjs.org/@rollup%2frollup-win32-x64-msvc set size:undefined disposed:false
630 http fetch GET 200 https://registry.npmjs.org/@rollup%2frollup-linux-x64-gnu 127ms (cache miss)
631 silly packumentCache full:https://registry.npmjs.org/@rollup%2frollup-linux-x64-gnu set size:undefined disposed:false
632 http fetch GET 200 https://registry.npmjs.org/@rollup%2frollup-openbsd-x64 119ms (cache miss)
633 silly packumentCache full:https://registry.npmjs.org/@rollup%2frollup-openbsd-x64 set size:undefined disposed:false
634 http fetch GET 200 https://registry.npmjs.org/@rollup%2frollup-openharmony-arm64 118ms (cache miss)
635 silly packumentCache full:https://registry.npmjs.org/@rollup%2frollup-openharmony-arm64 set size:undefined disposed:false
636 http fetch GET 200 https://registry.npmjs.org/@rollup%2frollup-linux-x64-musl 135ms (cache miss)
637 silly packumentCache full:https://registry.npmjs.org/@rollup%2frollup-linux-x64-musl set size:undefined disposed:false
638 http fetch GET 200 https://registry.npmjs.org/@esbuild%2fopenharmony-arm64 518ms (cache miss)
639 silly packumentCache full:https://registry.npmjs.org/@esbuild%2fopenharmony-arm64 set size:undefined disposed:false
640 silly placeDep ROOT @esbuild/aix-ppc64@0.25.12 OK for: esbuild@0.25.12 want: 0.25.12
641 silly placeDep ROOT @esbuild/android-arm@0.25.12 OK for: esbuild@0.25.12 want: 0.25.12
642 silly placeDep ROOT @esbuild/android-arm64@0.25.12 OK for: esbuild@0.25.12 want: 0.25.12
643 silly placeDep ROOT @esbuild/android-x64@0.25.12 OK for: esbuild@0.25.12 want: 0.25.12
644 silly placeDep ROOT @esbuild/darwin-arm64@0.25.12 OK for: esbuild@0.25.12 want: 0.25.12
645 silly placeDep ROOT @esbuild/darwin-x64@0.25.12 OK for: esbuild@0.25.12 want: 0.25.12
646 silly placeDep ROOT @esbuild/freebsd-arm64@0.25.12 OK for: esbuild@0.25.12 want: 0.25.12
647 silly placeDep ROOT @esbuild/freebsd-x64@0.25.12 OK for: esbuild@0.25.12 want: 0.25.12
648 silly placeDep ROOT @esbuild/linux-arm@0.25.12 OK for: esbuild@0.25.12 want: 0.25.12
649 silly placeDep ROOT @esbuild/linux-arm64@0.25.12 OK for: esbuild@0.25.12 want: 0.25.12
650 silly placeDep ROOT @esbuild/linux-ia32@0.25.12 OK for: esbuild@0.25.12 want: 0.25.12
651 silly placeDep ROOT @esbuild/linux-loong64@0.25.12 OK for: esbuild@0.25.12 want: 0.25.12
652 silly placeDep ROOT @esbuild/linux-mips64el@0.25.12 OK for: esbuild@0.25.12 want: 0.25.12
653 silly placeDep ROOT @esbuild/linux-ppc64@0.25.12 OK for: esbuild@0.25.12 want: 0.25.12
654 silly placeDep ROOT @esbuild/linux-riscv64@0.25.12 OK for: esbuild@0.25.12 want: 0.25.12
655 silly placeDep ROOT @esbuild/linux-s390x@0.25.12 OK for: esbuild@0.25.12 want: 0.25.12
656 silly placeDep ROOT @esbuild/linux-x64@0.25.12 OK for: esbuild@0.25.12 want: 0.25.12
657 silly placeDep ROOT @esbuild/netbsd-arm64@0.25.12 OK for: esbuild@0.25.12 want: 0.25.12
658 silly placeDep ROOT @esbuild/netbsd-x64@0.25.12 OK for: esbuild@0.25.12 want: 0.25.12
659 silly placeDep ROOT @esbuild/openbsd-arm64@0.25.12 OK for: esbuild@0.25.12 want: 0.25.12
660 silly placeDep ROOT @esbuild/openbsd-x64@0.25.12 OK for: esbuild@0.25.12 want: 0.25.12
661 silly placeDep ROOT @esbuild/openharmony-arm64@0.25.12 OK for: esbuild@0.25.12 want: 0.25.12
662 silly placeDep ROOT @esbuild/sunos-x64@0.25.12 OK for: esbuild@0.25.12 want: 0.25.12
663 silly placeDep ROOT @esbuild/win32-arm64@0.25.12 OK for: esbuild@0.25.12 want: 0.25.12
664 silly placeDep ROOT @esbuild/win32-ia32@0.25.12 OK for: esbuild@0.25.12 want: 0.25.12
665 silly placeDep ROOT @esbuild/win32-x64@0.25.12 OK for: esbuild@0.25.12 want: 0.25.12
666 silly placeDep ROOT nanoid@3.3.11 OK for: postcss@8.5.8 want: ^3.3.11
667 silly placeDep ROOT source-map-js@1.2.1 OK for: postcss@8.5.8 want: ^1.2.1
668 silly placeDep ROOT @rollup/rollup-android-arm-eabi@4.60.0 OK for: rollup@4.60.0 want: 4.60.0
669 silly placeDep ROOT @rollup/rollup-android-arm64@4.60.0 OK for: rollup@4.60.0 want: 4.60.0
670 silly placeDep ROOT @rollup/rollup-darwin-arm64@4.60.0 OK for: rollup@4.60.0 want: 4.60.0
671 silly placeDep ROOT @rollup/rollup-darwin-x64@4.60.0 OK for: rollup@4.60.0 want: 4.60.0
672 silly placeDep ROOT @rollup/rollup-freebsd-arm64@4.60.0 OK for: rollup@4.60.0 want: 4.60.0
673 silly placeDep ROOT @rollup/rollup-freebsd-x64@4.60.0 OK for: rollup@4.60.0 want: 4.60.0
674 silly placeDep ROOT @rollup/rollup-linux-arm-gnueabihf@4.60.0 OK for: rollup@4.60.0 want: 4.60.0
675 silly placeDep ROOT @rollup/rollup-linux-arm-musleabihf@4.60.0 OK for: rollup@4.60.0 want: 4.60.0
676 silly placeDep ROOT @rollup/rollup-linux-arm64-gnu@4.60.0 OK for: rollup@4.60.0 want: 4.60.0
677 silly placeDep ROOT @rollup/rollup-linux-arm64-musl@4.60.0 OK for: rollup@4.60.0 want: 4.60.0
678 silly placeDep ROOT @rollup/rollup-linux-loong64-gnu@4.60.0 OK for: rollup@4.60.0 want: 4.60.0
679 silly placeDep ROOT @rollup/rollup-linux-loong64-musl@4.60.0 OK for: rollup@4.60.0 want: 4.60.0
680 silly placeDep ROOT @rollup/rollup-linux-ppc64-gnu@4.60.0 OK for: rollup@4.60.0 want: 4.60.0
681 silly placeDep ROOT @rollup/rollup-linux-ppc64-musl@4.60.0 OK for: rollup@4.60.0 want: 4.60.0
682 silly placeDep ROOT @rollup/rollup-linux-riscv64-gnu@4.60.0 OK for: rollup@4.60.0 want: 4.60.0
683 silly placeDep ROOT @rollup/rollup-linux-riscv64-musl@4.60.0 OK for: rollup@4.60.0 want: 4.60.0
684 silly placeDep ROOT @rollup/rollup-linux-s390x-gnu@4.60.0 OK for: rollup@4.60.0 want: 4.60.0
685 silly placeDep ROOT @rollup/rollup-linux-x64-gnu@4.60.0 OK for: rollup@4.60.0 want: 4.60.0
686 silly placeDep ROOT @rollup/rollup-linux-x64-musl@4.60.0 OK for: rollup@4.60.0 want: 4.60.0
687 silly placeDep ROOT @rollup/rollup-openbsd-x64@4.60.0 OK for: rollup@4.60.0 want: 4.60.0
688 silly placeDep ROOT @rollup/rollup-openharmony-arm64@4.60.0 OK for: rollup@4.60.0 want: 4.60.0
689 silly placeDep ROOT @rollup/rollup-win32-arm64-msvc@4.60.0 OK for: rollup@4.60.0 want: 4.60.0
690 silly placeDep ROOT @rollup/rollup-win32-ia32-msvc@4.60.0 OK for: rollup@4.60.0 want: 4.60.0
691 silly placeDep ROOT @rollup/rollup-win32-x64-gnu@4.60.0 OK for: rollup@4.60.0 want: 4.60.0
692 silly placeDep ROOT @rollup/rollup-win32-x64-msvc@4.60.0 OK for: rollup@4.60.0 want: 4.60.0
693 silly placeDep ROOT @types/estree@1.0.8 OK for: rollup@4.60.0 want: 1.0.8
694 silly reify moves {}
695 silly audit bulk request {
695 silly audit   '@vitejs/plugin-react': [ '4.7.0' ],
695 silly audit   vite: [ '6.4.1' ],
695 silly audit   react: [ '18.3.1' ],
695 silly audit   'react-dom': [ '18.3.1' ],
695 silly audit   '@babel/core': [ '7.29.0' ],
695 silly audit   '@babel/plugin-transform-react-jsx-self': [ '7.27.1' ],
695 silly audit   '@babel/plugin-transform-react-jsx-source': [ '7.27.1' ],
695 silly audit   '@rolldown/pluginutils': [ '1.0.0-beta.27' ],
695 silly audit   '@types/babel__core': [ '7.20.5' ],
695 silly audit   'react-refresh': [ '0.17.0' ],
695 silly audit   '@babel/code-frame': [ '7.29.0' ],
695 silly audit   '@babel/generator': [ '7.29.1' ],
695 silly audit   '@babel/helper-compilation-targets': [ '7.28.6' ],
695 silly audit   '@babel/helper-module-transforms': [ '7.28.6' ],
695 silly audit   '@babel/helpers': [ '7.29.2' ],
695 silly audit   '@babel/parser': [ '7.29.2' ],
695 silly audit   '@babel/template': [ '7.28.6' ],
695 silly audit   '@babel/traverse': [ '7.29.0' ],
695 silly audit   '@babel/types': [ '7.29.0' ],
695 silly audit   '@jridgewell/remapping': [ '2.3.5' ],
695 silly audit   'convert-source-map': [ '2.0.0' ],
695 silly audit   debug: [ '4.4.3' ],
695 silly audit   gensync: [ '1.0.0-beta.2' ],
695 silly audit   json5: [ '2.2.3' ],
695 silly audit   semver: [ '6.3.1' ],
695 silly audit   '@babel/helper-validator-identifier': [ '7.28.5' ],
695 silly audit   'js-tokens': [ '4.0.0' ],
695 silly audit   picocolors: [ '1.1.1' ],
695 silly audit   '@jridgewell/gen-mapping': [ '0.3.13' ],
695 silly audit   '@jridgewell/trace-mapping': [ '0.3.31' ],
695 silly audit   jsesc: [ '3.1.0' ],
695 silly audit   '@babel/compat-data': [ '7.29.0' ],
695 silly audit   '@babel/helper-validator-option': [ '7.27.1' ],
695 silly audit   browserslist: [ '4.28.1' ],
695 silly audit   'lru-cache': [ '5.1.1' ],
695 silly audit   '@babel/helper-module-imports': [ '7.28.6' ],
695 silly audit   '@babel/helper-plugin-utils': [ '7.28.6' ],
695 silly audit   '@babel/helper-globals': [ '7.28.0' ],
695 silly audit   '@babel/helper-string-parser': [ '7.27.1' ],
695 silly audit   '@jridgewell/sourcemap-codec': [ '1.5.5' ],
695 silly audit   '@jridgewell/resolve-uri': [ '3.1.2' ],
695 silly audit   '@types/babel__generator': [ '7.27.0' ],
695 silly audit   '@types/babel__template': [ '7.4.4' ],
695 silly audit   '@types/babel__traverse': [ '7.28.0' ],
695 silly audit   'baseline-browser-mapping': [ '2.10.10' ],
695 silly audit   'caniuse-lite': [ '1.0.30001781' ],
695 silly audit   'electron-to-chromium': [ '1.5.325' ],
695 silly audit   'node-releases': [ '2.0.36' ],
695 silly audit   'update-browserslist-db': [ '1.2.3' ],
695 silly audit   ms: [ '2.1.3' ],
695 silly audit   yallist: [ '3.1.1' ],
695 silly audit   'loose-envify': [ '1.4.0' ],
695 silly audit   scheduler: [ '0.23.2' ],
695 silly audit   escalade: [ '3.2.0' ],
695 silly audit   esbuild: [ '0.25.12' ],
695 silly audit   fdir: [ '6.5.0' ],
695 silly audit   fsevents: [ '2.3.3' ],
695 silly audit   picomatch: [ '4.0.4' ],
695 silly audit   postcss: [ '8.5.8' ],
695 silly audit   rollup: [ '4.60.0' ],
695 silly audit   tinyglobby: [ '0.2.15' ],
695 silly audit   '@esbuild/aix-ppc64': [ '0.25.12' ],
695 silly audit   '@esbuild/android-arm': [ '0.25.12' ],
695 silly audit   '@esbuild/android-arm64': [ '0.25.12' ],
695 silly audit   '@esbuild/android-x64': [ '0.25.12' ],
695 silly audit   '@esbuild/darwin-arm64': [ '0.25.12' ],
695 silly audit   '@esbuild/darwin-x64': [ '0.25.12' ],
695 silly audit   '@esbuild/freebsd-arm64': [ '0.25.12' ],
695 silly audit   '@esbuild/freebsd-x64': [ '0.25.12' ],
695 silly audit   '@esbuild/linux-arm': [ '0.25.12' ],
695 silly audit   '@esbuild/linux-arm64': [ '0.25.12' ],
695 silly audit   '@esbuild/linux-ia32': [ '0.25.12' ],
695 silly audit   '@esbuild/linux-loong64': [ '0.25.12' ],
695 silly audit   '@esbuild/linux-mips64el': [ '0.25.12' ],
695 silly audit   '@esbuild/linux-ppc64': [ '0.25.12' ],
695 silly audit   '@esbuild/linux-riscv64': [ '0.25.12' ],
695 silly audit   '@esbuild/linux-s390x': [ '0.25.12' ],
695 silly audit   '@esbuild/linux-x64': [ '0.25.12' ],
695 silly audit   '@esbuild/netbsd-arm64': [ '0.25.12' ],
695 silly audit   '@esbuild/netbsd-x64': [ '0.25.12' ],
695 silly audit   '@esbuild/openbsd-arm64': [ '0.25.12' ],
695 silly audit   '@esbuild/openbsd-x64': [ '0.25.12' ],
695 silly audit   '@esbuild/openharmony-arm64': [ '0.25.12' ],
695 silly audit   '@esbuild/sunos-x64': [ '0.25.12' ],
695 silly audit   '@esbuild/win32-arm64': [ '0.25.12' ],
695 silly audit   '@esbuild/win32-ia32': [ '0.25.12' ],
695 silly audit   '@esbuild/win32-x64': [ '0.25.12' ],
695 silly audit   nanoid: [ '3.3.11' ],
695 silly audit   'source-map-js': [ '1.2.1' ],
695 silly audit   '@rollup/rollup-android-arm-eabi': [ '4.60.0' ],
695 silly audit   '@rollup/rollup-android-arm64': [ '4.60.0' ],
695 silly audit   '@rollup/rollup-darwin-arm64': [ '4.60.0' ],
695 silly audit   '@rollup/rollup-darwin-x64': [ '4.60.0' ],
695 silly audit   '@rollup/rollup-freebsd-arm64': [ '4.60.0' ],
695 silly audit   '@rollup/rollup-freebsd-x64': [ '4.60.0' ],
695 silly audit   '@rollup/rollup-linux-arm-gnueabihf': [ '4.60.0' ],
695 silly audit   '@rollup/rollup-linux-arm-musleabihf': [ '4.60.0' ],
695 silly audit   '@rollup/rollup-linux-arm64-gnu': [ '4.60.0' ],
695 silly audit   '@rollup/rollup-linux-arm64-musl': [ '4.60.0' ],
695 silly audit   '@rollup/rollup-linux-loong64-gnu': [ '4.60.0' ],
695 silly audit   '@rollup/rollup-linux-loong64-musl': [ '4.60.0' ],
695 silly audit   '@rollup/rollup-linux-ppc64-gnu': [ '4.60.0' ],
695 silly audit   '@rollup/rollup-linux-ppc64-musl': [ '4.60.0' ],
695 silly audit   '@rollup/rollup-linux-riscv64-gnu': [ '4.60.0' ],
695 silly audit   '@rollup/rollup-linux-riscv64-musl': [ '4.60.0' ],
695 silly audit   '@rollup/rollup-linux-s390x-gnu': [ '4.60.0' ],
695 silly audit   '@rollup/rollup-linux-x64-gnu': [ '4.60.0' ],
695 silly audit   '@rollup/rollup-linux-x64-musl': [ '4.60.0' ],
695 silly audit   '@rollup/rollup-openbsd-x64': [ '4.60.0' ],
695 silly audit   '@rollup/rollup-openharmony-arm64': [ '4.60.0' ],
695 silly audit   '@rollup/rollup-win32-arm64-msvc': [ '4.60.0' ],
695 silly audit   '@rollup/rollup-win32-ia32-msvc': [ '4.60.0' ],
695 silly audit   '@rollup/rollup-win32-x64-gnu': [ '4.60.0' ],
695 silly audit   '@rollup/rollup-win32-x64-msvc': [ '4.60.0' ],
695 silly audit   '@types/estree': [ '1.0.8' ]
695 silly audit }
696 verbose reify failed optional dependency C:\Users\NGUYEN MINH TRI\OneDrive\Desktop\CSPM\frontend\node_modules\@rollup\rollup-win32-ia32-msvc
697 silly reify mark deleted [
697 silly reify   'C:\\Users\\NGUYEN MINH TRI\\OneDrive\\Desktop\\CSPM\\frontend\\node_modules\\@rollup\\rollup-win32-ia32-msvc'
697 silly reify ]
698 verbose reify failed optional dependency C:\Users\NGUYEN MINH TRI\OneDrive\Desktop\CSPM\frontend\node_modules\@rollup\rollup-win32-arm64-msvc
699 silly reify mark deleted [
699 silly reify   'C:\\Users\\NGUYEN MINH TRI\\OneDrive\\Desktop\\CSPM\\frontend\\node_modules\\@rollup\\rollup-win32-arm64-msvc'
699 silly reify ]
700 verbose reify failed optional dependency C:\Users\NGUYEN MINH TRI\OneDrive\Desktop\CSPM\frontend\node_modules\@rollup\rollup-openharmony-arm64
701 silly reify mark deleted [
701 silly reify   'C:\\Users\\NGUYEN MINH TRI\\OneDrive\\Desktop\\CSPM\\frontend\\node_modules\\@rollup\\rollup-openharmony-arm64'
701 silly reify ]
702 verbose reify failed optional dependency C:\Users\NGUYEN MINH TRI\OneDrive\Desktop\CSPM\frontend\node_modules\@rollup\rollup-openbsd-x64
703 silly reify mark deleted [
703 silly reify   'C:\\Users\\NGUYEN MINH TRI\\OneDrive\\Desktop\\CSPM\\frontend\\node_modules\\@rollup\\rollup-openbsd-x64'
703 silly reify ]
704 verbose reify failed optional dependency C:\Users\NGUYEN MINH TRI\OneDrive\Desktop\CSPM\frontend\node_modules\@rollup\rollup-linux-x64-musl
705 silly reify mark deleted [
705 silly reify   'C:\\Users\\NGUYEN MINH TRI\\OneDrive\\Desktop\\CSPM\\frontend\\node_modules\\@rollup\\rollup-linux-x64-musl'
705 silly reify ]
706 verbose reify failed optional dependency C:\Users\NGUYEN MINH TRI\OneDrive\Desktop\CSPM\frontend\node_modules\@rollup\rollup-linux-x64-gnu
707 silly reify mark deleted [
707 silly reify   'C:\\Users\\NGUYEN MINH TRI\\OneDrive\\Desktop\\CSPM\\frontend\\node_modules\\@rollup\\rollup-linux-x64-gnu'
707 silly reify ]
708 verbose reify failed optional dependency C:\Users\NGUYEN MINH TRI\OneDrive\Desktop\CSPM\frontend\node_modules\@rollup\rollup-linux-s390x-gnu
709 silly reify mark deleted [
709 silly reify   'C:\\Users\\NGUYEN MINH TRI\\OneDrive\\Desktop\\CSPM\\frontend\\node_modules\\@rollup\\rollup-linux-s390x-gnu'
709 silly reify ]
710 verbose reify failed optional dependency C:\Users\NGUYEN MINH TRI\OneDrive\Desktop\CSPM\frontend\node_modules\@rollup\rollup-linux-riscv64-musl
711 silly reify mark deleted [
711 silly reify   'C:\\Users\\NGUYEN MINH TRI\\OneDrive\\Desktop\\CSPM\\frontend\\node_modules\\@rollup\\rollup-linux-riscv64-musl'
711 silly reify ]
712 verbose reify failed optional dependency C:\Users\NGUYEN MINH TRI\OneDrive\Desktop\CSPM\frontend\node_modules\@rollup\rollup-linux-riscv64-gnu
713 silly reify mark deleted [
713 silly reify   'C:\\Users\\NGUYEN MINH TRI\\OneDrive\\Desktop\\CSPM\\frontend\\node_modules\\@rollup\\rollup-linux-riscv64-gnu'
713 silly reify ]
714 verbose reify failed optional dependency C:\Users\NGUYEN MINH TRI\OneDrive\Desktop\CSPM\frontend\node_modules\@rollup\rollup-linux-ppc64-musl
715 silly reify mark deleted [
715 silly reify   'C:\\Users\\NGUYEN MINH TRI\\OneDrive\\Desktop\\CSPM\\frontend\\node_modules\\@rollup\\rollup-linux-ppc64-musl'
715 silly reify ]
716 verbose reify failed optional dependency C:\Users\NGUYEN MINH TRI\OneDrive\Desktop\CSPM\frontend\node_modules\@rollup\rollup-linux-ppc64-gnu
717 silly reify mark deleted [
717 silly reify   'C:\\Users\\NGUYEN MINH TRI\\OneDrive\\Desktop\\CSPM\\frontend\\node_modules\\@rollup\\rollup-linux-ppc64-gnu'
717 silly reify ]
718 verbose reify failed optional dependency C:\Users\NGUYEN MINH TRI\OneDrive\Desktop\CSPM\frontend\node_modules\@rollup\rollup-linux-loong64-musl
719 silly reify mark deleted [
719 silly reify   'C:\\Users\\NGUYEN MINH TRI\\OneDrive\\Desktop\\CSPM\\frontend\\node_modules\\@rollup\\rollup-linux-loong64-musl'
719 silly reify ]
720 verbose reify failed optional dependency C:\Users\NGUYEN MINH TRI\OneDrive\Desktop\CSPM\frontend\node_modules\@rollup\rollup-linux-loong64-gnu
721 silly reify mark deleted [
721 silly reify   'C:\\Users\\NGUYEN MINH TRI\\OneDrive\\Desktop\\CSPM\\frontend\\node_modules\\@rollup\\rollup-linux-loong64-gnu'
721 silly reify ]
722 verbose reify failed optional dependency C:\Users\NGUYEN MINH TRI\OneDrive\Desktop\CSPM\frontend\node_modules\@rollup\rollup-linux-arm64-musl
723 silly reify mark deleted [
723 silly reify   'C:\\Users\\NGUYEN MINH TRI\\OneDrive\\Desktop\\CSPM\\frontend\\node_modules\\@rollup\\rollup-linux-arm64-musl'
723 silly reify ]
724 verbose reify failed optional dependency C:\Users\NGUYEN MINH TRI\OneDrive\Desktop\CSPM\frontend\node_modules\@rollup\rollup-linux-arm64-gnu
725 silly reify mark deleted [
725 silly reify   'C:\\Users\\NGUYEN MINH TRI\\OneDrive\\Desktop\\CSPM\\frontend\\node_modules\\@rollup\\rollup-linux-arm64-gnu'
725 silly reify ]
726 verbose reify failed optional dependency C:\Users\NGUYEN MINH TRI\OneDrive\Desktop\CSPM\frontend\node_modules\@rollup\rollup-linux-arm-musleabihf
727 silly reify mark deleted [
727 silly reify   'C:\\Users\\NGUYEN MINH TRI\\OneDrive\\Desktop\\CSPM\\frontend\\node_modules\\@rollup\\rollup-linux-arm-musleabihf'
727 silly reify ]
728 verbose reify failed optional dependency C:\Users\NGUYEN MINH TRI\OneDrive\Desktop\CSPM\frontend\node_modules\@rollup\rollup-linux-arm-gnueabihf
729 silly reify mark deleted [
729 silly reify   'C:\\Users\\NGUYEN MINH TRI\\OneDrive\\Desktop\\CSPM\\frontend\\node_modules\\@rollup\\rollup-linux-arm-gnueabihf'
729 silly reify ]
730 verbose reify failed optional dependency C:\Users\NGUYEN MINH TRI\OneDrive\Desktop\CSPM\frontend\node_modules\@rollup\rollup-freebsd-x64
731 silly reify mark deleted [
731 silly reify   'C:\\Users\\NGUYEN MINH TRI\\OneDrive\\Desktop\\CSPM\\frontend\\node_modules\\@rollup\\rollup-freebsd-x64'
731 silly reify ]
732 verbose reify failed optional dependency C:\Users\NGUYEN MINH TRI\OneDrive\Desktop\CSPM\frontend\node_modules\@rollup\rollup-freebsd-arm64
733 silly reify mark deleted [
733 silly reify   'C:\\Users\\NGUYEN MINH TRI\\OneDrive\\Desktop\\CSPM\\frontend\\node_modules\\@rollup\\rollup-freebsd-arm64'
733 silly reify ]
734 verbose reify failed optional dependency C:\Users\NGUYEN MINH TRI\OneDrive\Desktop\CSPM\frontend\node_modules\@rollup\rollup-darwin-x64
735 silly reify mark deleted [
735 silly reify   'C:\\Users\\NGUYEN MINH TRI\\OneDrive\\Desktop\\CSPM\\frontend\\node_modules\\@rollup\\rollup-darwin-x64'
735 silly reify ]
736 verbose reify failed optional dependency C:\Users\NGUYEN MINH TRI\OneDrive\Desktop\CSPM\frontend\node_modules\@rollup\rollup-darwin-arm64
737 silly reify mark deleted [
737 silly reify   'C:\\Users\\NGUYEN MINH TRI\\OneDrive\\Desktop\\CSPM\\frontend\\node_modules\\@rollup\\rollup-darwin-arm64'
737 silly reify ]
738 verbose reify failed optional dependency C:\Users\NGUYEN MINH TRI\OneDrive\Desktop\CSPM\frontend\node_modules\@rollup\rollup-android-arm64
739 silly reify mark deleted [
739 silly reify   'C:\\Users\\NGUYEN MINH TRI\\OneDrive\\Desktop\\CSPM\\frontend\\node_modules\\@rollup\\rollup-android-arm64'
739 silly reify ]
740 verbose reify failed optional dependency C:\Users\NGUYEN MINH TRI\OneDrive\Desktop\CSPM\frontend\node_modules\@rollup\rollup-android-arm-eabi
741 silly reify mark deleted [
741 silly reify   'C:\\Users\\NGUYEN MINH TRI\\OneDrive\\Desktop\\CSPM\\frontend\\node_modules\\@rollup\\rollup-android-arm-eabi'
741 silly reify ]
742 verbose reify failed optional dependency C:\Users\NGUYEN MINH TRI\OneDrive\Desktop\CSPM\frontend\node_modules\@esbuild\win32-ia32
743 silly reify mark deleted [
743 silly reify   'C:\\Users\\NGUYEN MINH TRI\\OneDrive\\Desktop\\CSPM\\frontend\\node_modules\\@esbuild\\win32-ia32'
743 silly reify ]
744 verbose reify failed optional dependency C:\Users\NGUYEN MINH TRI\OneDrive\Desktop\CSPM\frontend\node_modules\@esbuild\win32-arm64
745 silly reify mark deleted [
745 silly reify   'C:\\Users\\NGUYEN MINH TRI\\OneDrive\\Desktop\\CSPM\\frontend\\node_modules\\@esbuild\\win32-arm64'
745 silly reify ]
746 verbose reify failed optional dependency C:\Users\NGUYEN MINH TRI\OneDrive\Desktop\CSPM\frontend\node_modules\@esbuild\sunos-x64
747 silly reify mark deleted [
747 silly reify   'C:\\Users\\NGUYEN MINH TRI\\OneDrive\\Desktop\\CSPM\\frontend\\node_modules\\@esbuild\\sunos-x64'
747 silly reify ]
748 verbose reify failed optional dependency C:\Users\NGUYEN MINH TRI\OneDrive\Desktop\CSPM\frontend\node_modules\@esbuild\openharmony-arm64
749 silly reify mark deleted [
749 silly reify   'C:\\Users\\NGUYEN MINH TRI\\OneDrive\\Desktop\\CSPM\\frontend\\node_modules\\@esbuild\\openharmony-arm64'
749 silly reify ]
750 verbose reify failed optional dependency C:\Users\NGUYEN MINH TRI\OneDrive\Desktop\CSPM\frontend\node_modules\@esbuild\openbsd-x64
751 silly reify mark deleted [
751 silly reify   'C:\\Users\\NGUYEN MINH TRI\\OneDrive\\Desktop\\CSPM\\frontend\\node_modules\\@esbuild\\openbsd-x64'
751 silly reify ]
752 verbose reify failed optional dependency C:\Users\NGUYEN MINH TRI\OneDrive\Desktop\CSPM\frontend\node_modules\@esbuild\openbsd-arm64
753 silly reify mark deleted [
753 silly reify   'C:\\Users\\NGUYEN MINH TRI\\OneDrive\\Desktop\\CSPM\\frontend\\node_modules\\@esbuild\\openbsd-arm64'
753 silly reify ]
754 verbose reify failed optional dependency C:\Users\NGUYEN MINH TRI\OneDrive\Desktop\CSPM\frontend\node_modules\@esbuild\netbsd-x64
755 silly reify mark deleted [
755 silly reify   'C:\\Users\\NGUYEN MINH TRI\\OneDrive\\Desktop\\CSPM\\frontend\\node_modules\\@esbuild\\netbsd-x64'
755 silly reify ]
756 verbose reify failed optional dependency C:\Users\NGUYEN MINH TRI\OneDrive\Desktop\CSPM\frontend\node_modules\@esbuild\netbsd-arm64
757 silly reify mark deleted [
757 silly reify   'C:\\Users\\NGUYEN MINH TRI\\OneDrive\\Desktop\\CSPM\\frontend\\node_modules\\@esbuild\\netbsd-arm64'
757 silly reify ]
758 verbose reify failed optional dependency C:\Users\NGUYEN MINH TRI\OneDrive\Desktop\CSPM\frontend\node_modules\@esbuild\linux-x64
759 silly reify mark deleted [
759 silly reify   'C:\\Users\\NGUYEN MINH TRI\\OneDrive\\Desktop\\CSPM\\frontend\\node_modules\\@esbuild\\linux-x64'
759 silly reify ]
760 verbose reify failed optional dependency C:\Users\NGUYEN MINH TRI\OneDrive\Desktop\CSPM\frontend\node_modules\@esbuild\linux-s390x
761 silly reify mark deleted [
761 silly reify   'C:\\Users\\NGUYEN MINH TRI\\OneDrive\\Desktop\\CSPM\\frontend\\node_modules\\@esbuild\\linux-s390x'
761 silly reify ]
762 verbose reify failed optional dependency C:\Users\NGUYEN MINH TRI\OneDrive\Desktop\CSPM\frontend\node_modules\@esbuild\linux-riscv64
763 silly reify mark deleted [
763 silly reify   'C:\\Users\\NGUYEN MINH TRI\\OneDrive\\Desktop\\CSPM\\frontend\\node_modules\\@esbuild\\linux-riscv64'
763 silly reify ]
764 verbose reify failed optional dependency C:\Users\NGUYEN MINH TRI\OneDrive\Desktop\CSPM\frontend\node_modules\@esbuild\linux-ppc64
765 silly reify mark deleted [
765 silly reify   'C:\\Users\\NGUYEN MINH TRI\\OneDrive\\Desktop\\CSPM\\frontend\\node_modules\\@esbuild\\linux-ppc64'
765 silly reify ]
766 verbose reify failed optional dependency C:\Users\NGUYEN MINH TRI\OneDrive\Desktop\CSPM\frontend\node_modules\@esbuild\linux-mips64el
767 silly reify mark deleted [
767 silly reify   'C:\\Users\\NGUYEN MINH TRI\\OneDrive\\Desktop\\CSPM\\frontend\\node_modules\\@esbuild\\linux-mips64el'
767 silly reify ]
768 verbose reify failed optional dependency C:\Users\NGUYEN MINH TRI\OneDrive\Desktop\CSPM\frontend\node_modules\@esbuild\linux-loong64
769 silly reify mark deleted [
769 silly reify   'C:\\Users\\NGUYEN MINH TRI\\OneDrive\\Desktop\\CSPM\\frontend\\node_modules\\@esbuild\\linux-loong64'
769 silly reify ]
770 verbose reify failed optional dependency C:\Users\NGUYEN MINH TRI\OneDrive\Desktop\CSPM\frontend\node_modules\@esbuild\linux-ia32
771 silly reify mark deleted [
771 silly reify   'C:\\Users\\NGUYEN MINH TRI\\OneDrive\\Desktop\\CSPM\\frontend\\node_modules\\@esbuild\\linux-ia32'
771 silly reify ]
772 verbose reify failed optional dependency C:\Users\NGUYEN MINH TRI\OneDrive\Desktop\CSPM\frontend\node_modules\@esbuild\linux-arm64
773 silly reify mark deleted [
773 silly reify   'C:\\Users\\NGUYEN MINH TRI\\OneDrive\\Desktop\\CSPM\\frontend\\node_modules\\@esbuild\\linux-arm64'
773 silly reify ]
774 verbose reify failed optional dependency C:\Users\NGUYEN MINH TRI\OneDrive\Desktop\CSPM\frontend\node_modules\@esbuild\linux-arm
775 silly reify mark deleted [
775 silly reify   'C:\\Users\\NGUYEN MINH TRI\\OneDrive\\Desktop\\CSPM\\frontend\\node_modules\\@esbuild\\linux-arm'
775 silly reify ]
776 verbose reify failed optional dependency C:\Users\NGUYEN MINH TRI\OneDrive\Desktop\CSPM\frontend\node_modules\@esbuild\freebsd-x64
777 silly reify mark deleted [
777 silly reify   'C:\\Users\\NGUYEN MINH TRI\\OneDrive\\Desktop\\CSPM\\frontend\\node_modules\\@esbuild\\freebsd-x64'
777 silly reify ]
778 verbose reify failed optional dependency C:\Users\NGUYEN MINH TRI\OneDrive\Desktop\CSPM\frontend\node_modules\@esbuild\freebsd-arm64
779 silly reify mark deleted [
779 silly reify   'C:\\Users\\NGUYEN MINH TRI\\OneDrive\\Desktop\\CSPM\\frontend\\node_modules\\@esbuild\\freebsd-arm64'
779 silly reify ]
780 verbose reify failed optional dependency C:\Users\NGUYEN MINH TRI\OneDrive\Desktop\CSPM\frontend\node_modules\@esbuild\darwin-x64
781 silly reify mark deleted [
781 silly reify   'C:\\Users\\NGUYEN MINH TRI\\OneDrive\\Desktop\\CSPM\\frontend\\node_modules\\@esbuild\\darwin-x64'
781 silly reify ]
782 verbose reify failed optional dependency C:\Users\NGUYEN MINH TRI\OneDrive\Desktop\CSPM\frontend\node_modules\@esbuild\darwin-arm64
783 silly reify mark deleted [
783 silly reify   'C:\\Users\\NGUYEN MINH TRI\\OneDrive\\Desktop\\CSPM\\frontend\\node_modules\\@esbuild\\darwin-arm64'
783 silly reify ]
784 verbose reify failed optional dependency C:\Users\NGUYEN MINH TRI\OneDrive\Desktop\CSPM\frontend\node_modules\@esbuild\android-x64
785 silly reify mark deleted [
785 silly reify   'C:\\Users\\NGUYEN MINH TRI\\OneDrive\\Desktop\\CSPM\\frontend\\node_modules\\@esbuild\\android-x64'
785 silly reify ]
786 verbose reify failed optional dependency C:\Users\NGUYEN MINH TRI\OneDrive\Desktop\CSPM\frontend\node_modules\@esbuild\android-arm64
787 silly reify mark deleted [
787 silly reify   'C:\\Users\\NGUYEN MINH TRI\\OneDrive\\Desktop\\CSPM\\frontend\\node_modules\\@esbuild\\android-arm64'
787 silly reify ]
788 verbose reify failed optional dependency C:\Users\NGUYEN MINH TRI\OneDrive\Desktop\CSPM\frontend\node_modules\@esbuild\android-arm
789 silly reify mark deleted [
789 silly reify   'C:\\Users\\NGUYEN MINH TRI\\OneDrive\\Desktop\\CSPM\\frontend\\node_modules\\@esbuild\\android-arm'
789 silly reify ]
790 verbose reify failed optional dependency C:\Users\NGUYEN MINH TRI\OneDrive\Desktop\CSPM\frontend\node_modules\@esbuild\aix-ppc64
791 silly reify mark deleted [
791 silly reify   'C:\\Users\\NGUYEN MINH TRI\\OneDrive\\Desktop\\CSPM\\frontend\\node_modules\\@esbuild\\aix-ppc64'
791 silly reify ]
792 verbose reify failed optional dependency C:\Users\NGUYEN MINH TRI\OneDrive\Desktop\CSPM\frontend\node_modules\fsevents
793 silly reify mark deleted [
793 silly reify   'C:\\Users\\NGUYEN MINH TRI\\OneDrive\\Desktop\\CSPM\\frontend\\node_modules\\fsevents'
793 silly reify ]
794 http cache source-map-js@https://registry.npmjs.org/source-map-js/-/source-map-js-1.2.1.tgz 1ms (cache hit)
795 http cache @types/estree@https://registry.npmjs.org/@types/estree/-/estree-1.0.8.tgz 0ms (cache hit)
796 http cache @rollup/rollup-win32-x64-msvc@https://registry.npmjs.org/@rollup/rollup-win32-x64-msvc/-/rollup-win32-x64-msvc-4.60.0.tgz 0ms (cache hit)
797 http cache @esbuild/win32-x64@https://registry.npmjs.org/@esbuild/win32-x64/-/win32-x64-0.25.12.tgz 0ms (cache hit)
798 http cache nanoid@https://registry.npmjs.org/nanoid/-/nanoid-3.3.11.tgz 0ms (cache hit)
799 http cache @rollup/rollup-win32-x64-gnu@https://registry.npmjs.org/@rollup/rollup-win32-x64-gnu/-/rollup-win32-x64-gnu-4.60.0.tgz 0ms (cache hit)
800 http cache tinyglobby@https://registry.npmjs.org/tinyglobby/-/tinyglobby-0.2.15.tgz 0ms (cache hit)
801 http cache postcss@https://registry.npmjs.org/postcss/-/postcss-8.5.8.tgz 0ms (cache hit)
802 http cache rollup@https://registry.npmjs.org/rollup/-/rollup-4.60.0.tgz 0ms (cache hit)
803 http cache picomatch@https://registry.npmjs.org/picomatch/-/picomatch-4.0.4.tgz 0ms (cache hit)
804 http cache fdir@https://registry.npmjs.org/fdir/-/fdir-6.5.0.tgz 0ms (cache hit)
805 http cache esbuild@https://registry.npmjs.org/esbuild/-/esbuild-0.25.12.tgz 0ms (cache hit)
806 http cache escalade@https://registry.npmjs.org/escalade/-/escalade-3.2.0.tgz 0ms (cache hit)
807 http cache scheduler@https://registry.npmjs.org/scheduler/-/scheduler-0.23.2.tgz 0ms (cache hit)
808 http cache loose-envify@https://registry.npmjs.org/loose-envify/-/loose-envify-1.4.0.tgz 0ms (cache hit)
809 http cache yallist@https://registry.npmjs.org/yallist/-/yallist-3.1.1.tgz 0ms (cache hit)
810 http cache update-browserslist-db@https://registry.npmjs.org/update-browserslist-db/-/update-browserslist-db-1.2.3.tgz 0ms (cache hit)
811 http cache ms@https://registry.npmjs.org/ms/-/ms-2.1.3.tgz 0ms (cache hit)
812 http cache node-releases@https://registry.npmjs.org/node-releases/-/node-releases-2.0.36.tgz 0ms (cache hit)
813 http cache caniuse-lite@https://registry.npmjs.org/caniuse-lite/-/caniuse-lite-1.0.30001781.tgz 0ms (cache hit)
814 http cache electron-to-chromium@https://registry.npmjs.org/electron-to-chromium/-/electron-to-chromium-1.5.325.tgz 0ms (cache hit)
815 http cache baseline-browser-mapping@https://registry.npmjs.org/baseline-browser-mapping/-/baseline-browser-mapping-2.10.10.tgz 0ms (cache hit)
816 http cache @jridgewell/resolve-uri@https://registry.npmjs.org/@jridgewell/resolve-uri/-/resolve-uri-3.1.2.tgz 0ms (cache hit)
817 http cache @jridgewell/sourcemap-codec@https://registry.npmjs.org/@jridgewell/sourcemap-codec/-/sourcemap-codec-1.5.5.tgz 0ms (cache hit)
818 http cache @types/babel__generator@https://registry.npmjs.org/@types/babel__generator/-/babel__generator-7.27.0.tgz 0ms (cache hit)
819 http cache @types/babel__template@https://registry.npmjs.org/@types/babel__template/-/babel__template-7.4.4.tgz 0ms (cache hit)
820 http cache @types/babel__traverse@https://registry.npmjs.org/@types/babel__traverse/-/babel__traverse-7.28.0.tgz 0ms (cache hit)
821 http cache @babel/helper-globals@https://registry.npmjs.org/@babel/helper-globals/-/helper-globals-7.28.0.tgz 0ms (cache hit)
822 http cache lru-cache@https://registry.npmjs.org/lru-cache/-/lru-cache-5.1.1.tgz 0ms (cache hit)
823 http cache browserslist@https://registry.npmjs.org/browserslist/-/browserslist-4.28.1.tgz 0ms (cache hit)
824 http cache @babel/helper-string-parser@https://registry.npmjs.org/@babel/helper-string-parser/-/helper-string-parser-7.27.1.tgz 0ms (cache hit)
825 http cache @babel/helper-module-imports@https://registry.npmjs.org/@babel/helper-module-imports/-/helper-module-imports-7.28.6.tgz 0ms (cache hit)
826 http cache @babel/helper-plugin-utils@https://registry.npmjs.org/@babel/helper-plugin-utils/-/helper-plugin-utils-7.28.6.tgz 0ms (cache hit)
827 http cache @jridgewell/trace-mapping@https://registry.npmjs.org/@jridgewell/trace-mapping/-/trace-mapping-0.3.31.tgz 0ms (cache hit)
828 http cache jsesc@https://registry.npmjs.org/jsesc/-/jsesc-3.1.0.tgz 0ms (cache hit)
829 http cache @babel/helper-validator-option@https://registry.npmjs.org/@babel/helper-validator-option/-/helper-validator-option-7.27.1.tgz 0ms (cache hit)
830 http cache @babel/compat-data@https://registry.npmjs.org/@babel/compat-data/-/compat-data-7.29.0.tgz 0ms (cache hit)
831 http cache @jridgewell/gen-mapping@https://registry.npmjs.org/@jridgewell/gen-mapping/-/gen-mapping-0.3.13.tgz 0ms (cache hit)
832 http cache @babel/helper-validator-identifier@https://registry.npmjs.org/@babel/helper-validator-identifier/-/helper-validator-identifier-7.28.5.tgz 0ms (cache hit)
833 http cache picocolors@https://registry.npmjs.org/picocolors/-/picocolors-1.1.1.tgz 0ms (cache hit)
834 http cache js-tokens@https://registry.npmjs.org/js-tokens/-/js-tokens-4.0.0.tgz 0ms (cache hit)
835 http cache semver@https://registry.npmjs.org/semver/-/semver-6.3.1.tgz 0ms (cache hit)
836 http cache json5@https://registry.npmjs.org/json5/-/json5-2.2.3.tgz 0ms (cache hit)
837 http cache gensync@https://registry.npmjs.org/gensync/-/gensync-1.0.0-beta.2.tgz 0ms (cache hit)
838 http cache @jridgewell/remapping@https://registry.npmjs.org/@jridgewell/remapping/-/remapping-2.3.5.tgz 0ms (cache hit)
839 http cache debug@https://registry.npmjs.org/debug/-/debug-4.4.3.tgz 0ms (cache hit)
840 http cache convert-source-map@https://registry.npmjs.org/convert-source-map/-/convert-source-map-2.0.0.tgz 0ms (cache hit)
841 http cache @babel/types@https://registry.npmjs.org/@babel/types/-/types-7.29.0.tgz 0ms (cache hit)
842 http cache @babel/traverse@https://registry.npmjs.org/@babel/traverse/-/traverse-7.29.0.tgz 0ms (cache hit)
843 http cache @babel/template@https://registry.npmjs.org/@babel/template/-/template-7.28.6.tgz 0ms (cache hit)
844 http cache @babel/parser@https://registry.npmjs.org/@babel/parser/-/parser-7.29.2.tgz 0ms (cache hit)
845 http cache @babel/helpers@https://registry.npmjs.org/@babel/helpers/-/helpers-7.29.2.tgz 0ms (cache hit)
846 http cache @babel/helper-module-transforms@https://registry.npmjs.org/@babel/helper-module-transforms/-/helper-module-transforms-7.28.6.tgz 0ms (cache hit)
847 http cache @babel/generator@https://registry.npmjs.org/@babel/generator/-/generator-7.29.1.tgz 0ms (cache hit)
848 http cache @babel/helper-compilation-targets@https://registry.npmjs.org/@babel/helper-compilation-targets/-/helper-compilation-targets-7.28.6.tgz 0ms (cache hit)
849 http cache react-refresh@https://registry.npmjs.org/react-refresh/-/react-refresh-0.17.0.tgz 0ms (cache hit)
850 http cache @babel/code-frame@https://registry.npmjs.org/@babel/code-frame/-/code-frame-7.29.0.tgz 0ms (cache hit)
851 http cache @types/babel__core@https://registry.npmjs.org/@types/babel__core/-/babel__core-7.20.5.tgz 0ms (cache hit)
852 http cache @rolldown/pluginutils@https://registry.npmjs.org/@rolldown/pluginutils/-/pluginutils-1.0.0-beta.27.tgz 0ms (cache hit)
853 http cache react-dom@https://registry.npmjs.org/react-dom/-/react-dom-18.3.1.tgz 0ms (cache hit)
854 http cache @babel/plugin-transform-react-jsx-source@https://registry.npmjs.org/@babel/plugin-transform-react-jsx-source/-/plugin-transform-react-jsx-source-7.27.1.tgz 0ms (cache hit)
855 http cache react@https://registry.npmjs.org/react/-/react-18.3.1.tgz 0ms (cache hit)
856 http cache @babel/plugin-transform-react-jsx-self@https://registry.npmjs.org/@babel/plugin-transform-react-jsx-self/-/plugin-transform-react-jsx-self-7.27.1.tgz 0ms (cache hit)
857 http cache @babel/core@https://registry.npmjs.org/@babel/core/-/core-7.29.0.tgz 0ms (cache hit)
858 silly tarball no local data for source-map-js@https://registry.npmjs.org/source-map-js/-/source-map-js-1.2.1.tgz. Extracting by manifest.
859 http cache @vitejs/plugin-react@https://registry.npmjs.org/@vitejs/plugin-react/-/plugin-react-4.7.0.tgz 0ms (cache hit)
860 silly tarball no local data for @types/estree@https://registry.npmjs.org/@types/estree/-/estree-1.0.8.tgz. Extracting by manifest.
861 silly tarball no local data for @rollup/rollup-win32-x64-msvc@https://registry.npmjs.org/@rollup/rollup-win32-x64-msvc/-/rollup-win32-x64-msvc-4.60.0.tgz. Extracting by manifest.
862 silly tarball no local data for @esbuild/win32-x64@https://registry.npmjs.org/@esbuild/win32-x64/-/win32-x64-0.25.12.tgz. Extracting by manifest.
863 http cache vite@https://registry.npmjs.org/vite/-/vite-6.4.1.tgz 0ms (cache hit)
864 silly tarball no local data for nanoid@https://registry.npmjs.org/nanoid/-/nanoid-3.3.11.tgz. Extracting by manifest.
865 silly tarball no local data for @rollup/rollup-win32-x64-gnu@https://registry.npmjs.org/@rollup/rollup-win32-x64-gnu/-/rollup-win32-x64-gnu-4.60.0.tgz. Extracting by manifest.
866 silly tarball no local data for tinyglobby@https://registry.npmjs.org/tinyglobby/-/tinyglobby-0.2.15.tgz. Extracting by manifest.
867 silly tarball no local data for postcss@https://registry.npmjs.org/postcss/-/postcss-8.5.8.tgz. Extracting by manifest.
868 silly tarball no local data for rollup@https://registry.npmjs.org/rollup/-/rollup-4.60.0.tgz. Extracting by manifest.
869 silly tarball no local data for picomatch@https://registry.npmjs.org/picomatch/-/picomatch-4.0.4.tgz. Extracting by manifest.
870 silly tarball no local data for fdir@https://registry.npmjs.org/fdir/-/fdir-6.5.0.tgz. Extracting by manifest.
871 silly tarball no local data for esbuild@https://registry.npmjs.org/esbuild/-/esbuild-0.25.12.tgz. Extracting by manifest.
872 silly tarball no local data for escalade@https://registry.npmjs.org/escalade/-/escalade-3.2.0.tgz. Extracting by manifest.
873 silly tarball no local data for scheduler@https://registry.npmjs.org/scheduler/-/scheduler-0.23.2.tgz. Extracting by manifest.
874 silly tarball no local data for loose-envify@https://registry.npmjs.org/loose-envify/-/loose-envify-1.4.0.tgz. Extracting by manifest.
875 silly tarball no local data for yallist@https://registry.npmjs.org/yallist/-/yallist-3.1.1.tgz. Extracting by manifest.
876 silly tarball no local data for update-browserslist-db@https://registry.npmjs.org/update-browserslist-db/-/update-browserslist-db-1.2.3.tgz. Extracting by manifest.
877 silly tarball no local data for ms@https://registry.npmjs.org/ms/-/ms-2.1.3.tgz. Extracting by manifest.
878 silly tarball no local data for node-releases@https://registry.npmjs.org/node-releases/-/node-releases-2.0.36.tgz. Extracting by manifest.
879 silly tarball no local data for caniuse-lite@https://registry.npmjs.org/caniuse-lite/-/caniuse-lite-1.0.30001781.tgz. Extracting by manifest.
880 silly tarball no local data for electron-to-chromium@https://registry.npmjs.org/electron-to-chromium/-/electron-to-chromium-1.5.325.tgz. Extracting by manifest.
881 silly tarball no local data for @jridgewell/resolve-uri@https://registry.npmjs.org/@jridgewell/resolve-uri/-/resolve-uri-3.1.2.tgz. Extracting by manifest.
882 silly tarball no local data for @jridgewell/sourcemap-codec@https://registry.npmjs.org/@jridgewell/sourcemap-codec/-/sourcemap-codec-1.5.5.tgz. Extracting by manifest.
883 silly tarball no local data for @types/babel__generator@https://registry.npmjs.org/@types/babel__generator/-/babel__generator-7.27.0.tgz. Extracting by manifest.
884 silly tarball no local data for @types/babel__template@https://registry.npmjs.org/@types/babel__template/-/babel__template-7.4.4.tgz. Extracting by manifest.
885 silly tarball no local data for @types/babel__traverse@https://registry.npmjs.org/@types/babel__traverse/-/babel__traverse-7.28.0.tgz. Extracting by manifest.
886 silly tarball no local data for @babel/helper-globals@https://registry.npmjs.org/@babel/helper-globals/-/helper-globals-7.28.0.tgz. Extracting by manifest.
887 silly tarball no local data for lru-cache@https://registry.npmjs.org/lru-cache/-/lru-cache-5.1.1.tgz. Extracting by manifest.
888 silly tarball no local data for browserslist@https://registry.npmjs.org/browserslist/-/browserslist-4.28.1.tgz. Extracting by manifest.
889 silly tarball no local data for @babel/helper-string-parser@https://registry.npmjs.org/@babel/helper-string-parser/-/helper-string-parser-7.27.1.tgz. Extracting by manifest.
890 silly tarball no local data for @babel/helper-module-imports@https://registry.npmjs.org/@babel/helper-module-imports/-/helper-module-imports-7.28.6.tgz. Extracting by manifest.
891 silly tarball no local data for @babel/helper-plugin-utils@https://registry.npmjs.org/@babel/helper-plugin-utils/-/helper-plugin-utils-7.28.6.tgz. Extracting by manifest.
892 silly tarball no local data for @babel/helper-validator-option@https://registry.npmjs.org/@babel/helper-validator-option/-/helper-validator-option-7.27.1.tgz. Extracting by manifest.
893 silly tarball no local data for @babel/compat-data@https://registry.npmjs.org/@babel/compat-data/-/compat-data-7.29.0.tgz. Extracting by manifest.
894 silly tarball no local data for @jridgewell/gen-mapping@https://registry.npmjs.org/@jridgewell/gen-mapping/-/gen-mapping-0.3.13.tgz. Extracting by manifest.
895 silly tarball no local data for baseline-browser-mapping@https://registry.npmjs.org/baseline-browser-mapping/-/baseline-browser-mapping-2.10.10.tgz. Extracting by manifest.
896 silly tarball no local data for jsesc@https://registry.npmjs.org/jsesc/-/jsesc-3.1.0.tgz. Extracting by manifest.
897 silly tarball no local data for @babel/helper-validator-identifier@https://registry.npmjs.org/@babel/helper-validator-identifier/-/helper-validator-identifier-7.28.5.tgz. Extracting by manifest.
898 silly tarball no local data for picocolors@https://registry.npmjs.org/picocolors/-/picocolors-1.1.1.tgz. Extracting by manifest.
899 silly tarball no local data for js-tokens@https://registry.npmjs.org/js-tokens/-/js-tokens-4.0.0.tgz. Extracting by manifest.
900 silly tarball no local data for @jridgewell/trace-mapping@https://registry.npmjs.org/@jridgewell/trace-mapping/-/trace-mapping-0.3.31.tgz. Extracting by manifest.
901 silly tarball no local data for semver@https://registry.npmjs.org/semver/-/semver-6.3.1.tgz. Extracting by manifest.
902 silly tarball no local data for json5@https://registry.npmjs.org/json5/-/json5-2.2.3.tgz. Extracting by manifest.
903 silly tarball no local data for gensync@https://registry.npmjs.org/gensync/-/gensync-1.0.0-beta.2.tgz. Extracting by manifest.
904 silly tarball no local data for @jridgewell/remapping@https://registry.npmjs.org/@jridgewell/remapping/-/remapping-2.3.5.tgz. Extracting by manifest.
905 silly tarball no local data for debug@https://registry.npmjs.org/debug/-/debug-4.4.3.tgz. Extracting by manifest.
906 silly tarball no local data for convert-source-map@https://registry.npmjs.org/convert-source-map/-/convert-source-map-2.0.0.tgz. Extracting by manifest.
907 silly tarball no local data for @babel/types@https://registry.npmjs.org/@babel/types/-/types-7.29.0.tgz. Extracting by manifest.
908 silly tarball no local data for @babel/traverse@https://registry.npmjs.org/@babel/traverse/-/traverse-7.29.0.tgz. Extracting by manifest.
909 silly tarball no local data for @babel/template@https://registry.npmjs.org/@babel/template/-/template-7.28.6.tgz. Extracting by manifest.
910 silly tarball no local data for @babel/parser@https://registry.npmjs.org/@babel/parser/-/parser-7.29.2.tgz. Extracting by manifest.
911 silly tarball no local data for @babel/helpers@https://registry.npmjs.org/@babel/helpers/-/helpers-7.29.2.tgz. Extracting by manifest.
912 silly tarball no local data for @babel/helper-module-transforms@https://registry.npmjs.org/@babel/helper-module-transforms/-/helper-module-transforms-7.28.6.tgz. Extracting by manifest.
913 silly tarball no local data for @babel/generator@https://registry.npmjs.org/@babel/generator/-/generator-7.29.1.tgz. Extracting by manifest.
914 silly tarball no local data for @babel/helper-compilation-targets@https://registry.npmjs.org/@babel/helper-compilation-targets/-/helper-compilation-targets-7.28.6.tgz. Extracting by manifest.
915 silly tarball no local data for react-refresh@https://registry.npmjs.org/react-refresh/-/react-refresh-0.17.0.tgz. Extracting by manifest.
916 silly tarball no local data for @babel/code-frame@https://registry.npmjs.org/@babel/code-frame/-/code-frame-7.29.0.tgz. Extracting by manifest.
917 silly tarball no local data for @types/babel__core@https://registry.npmjs.org/@types/babel__core/-/babel__core-7.20.5.tgz. Extracting by manifest.
918 silly tarball no local data for @rolldown/pluginutils@https://registry.npmjs.org/@rolldown/pluginutils/-/pluginutils-1.0.0-beta.27.tgz. Extracting by manifest.
919 silly tarball no local data for react-dom@https://registry.npmjs.org/react-dom/-/react-dom-18.3.1.tgz. Extracting by manifest.
920 silly tarball no local data for @babel/plugin-transform-react-jsx-source@https://registry.npmjs.org/@babel/plugin-transform-react-jsx-source/-/plugin-transform-react-jsx-source-7.27.1.tgz. Extracting by manifest.
921 silly tarball no local data for react@https://registry.npmjs.org/react/-/react-18.3.1.tgz. Extracting by manifest.
922 silly tarball no local data for @babel/plugin-transform-react-jsx-self@https://registry.npmjs.org/@babel/plugin-transform-react-jsx-self/-/plugin-transform-react-jsx-self-7.27.1.tgz. Extracting by manifest.
923 silly tarball no local data for @babel/core@https://registry.npmjs.org/@babel/core/-/core-7.29.0.tgz. Extracting by manifest.
924 silly tarball no local data for @vitejs/plugin-react@https://registry.npmjs.org/@vitejs/plugin-react/-/plugin-react-4.7.0.tgz. Extracting by manifest.
925 silly tarball no local data for vite@https://registry.npmjs.org/vite/-/vite-6.4.1.tgz. Extracting by manifest.
926 http fetch POST 200 https://registry.npmjs.org/-/npm/v1/security/advisories/bulk 297ms
927 silly audit report {}
928 http fetch GET 200 https://registry.npmjs.org/nanoid/-/nanoid-3.3.11.tgz 293ms (cache miss)
929 http fetch GET 200 https://registry.npmjs.org/tinyglobby/-/tinyglobby-0.2.15.tgz 304ms (cache miss)
930 http fetch GET 200 https://registry.npmjs.org/@types/estree/-/estree-1.0.8.tgz 329ms (cache miss)
931 http fetch GET 200 https://registry.npmjs.org/ms/-/ms-2.1.3.tgz 371ms (cache miss)
932 http fetch GET 200 https://registry.npmjs.org/update-browserslist-db/-/update-browserslist-db-1.2.3.tgz 371ms (cache miss)
933 http fetch GET 200 https://registry.npmjs.org/loose-envify/-/loose-envify-1.4.0.tgz 377ms (cache miss)
934 http fetch GET 200 https://registry.npmjs.org/yallist/-/yallist-3.1.1.tgz 402ms (cache miss)
935 http fetch GET 200 https://registry.npmjs.org/node-releases/-/node-releases-2.0.36.tgz 444ms (cache miss)
936 http fetch GET 200 https://registry.npmjs.org/lru-cache/-/lru-cache-5.1.1.tgz 476ms (cache miss)
937 http fetch GET 200 https://registry.npmjs.org/@types/babel__generator/-/babel__generator-7.27.0.tgz 539ms (cache miss)
938 http fetch GET 200 https://registry.npmjs.org/@babel/helper-globals/-/helper-globals-7.28.0.tgz 539ms (cache miss)
939 http fetch GET 200 https://registry.npmjs.org/fdir/-/fdir-6.5.0.tgz 548ms (cache miss)
940 http fetch GET 200 https://registry.npmjs.org/@types/babel__template/-/babel__template-7.4.4.tgz 556ms (cache miss)
941 http fetch GET 200 https://registry.npmjs.org/@types/babel__traverse/-/babel__traverse-7.28.0.tgz 557ms (cache miss)
942 http fetch GET 200 https://registry.npmjs.org/@babel/helper-module-imports/-/helper-module-imports-7.28.6.tgz 583ms (cache miss)
943 http fetch GET 200 https://registry.npmjs.org/@babel/helper-plugin-utils/-/helper-plugin-utils-7.28.6.tgz 590ms (cache miss)
944 http fetch GET 200 https://registry.npmjs.org/picocolors/-/picocolors-1.1.1.tgz 587ms (cache miss)
945 http fetch GET 200 https://registry.npmjs.org/@babel/helper-string-parser/-/helper-string-parser-7.27.1.tgz 599ms (cache miss)
946 http fetch GET 200 https://registry.npmjs.org/@babel/helper-validator-option/-/helper-validator-option-7.27.1.tgz 598ms (cache miss)
947 http fetch GET 200 https://registry.npmjs.org/jsesc/-/jsesc-3.1.0.tgz 601ms (cache miss)
948 http fetch GET 200 https://registry.npmjs.org/@babel/compat-data/-/compat-data-7.29.0.tgz 611ms (cache miss)
949 http fetch GET 200 https://registry.npmjs.org/@babel/helper-validator-identifier/-/helper-validator-identifier-7.28.5.tgz 610ms (cache miss)
950 http fetch GET 200 https://registry.npmjs.org/esbuild/-/esbuild-0.25.12.tgz 631ms (cache miss)
951 http fetch GET 200 https://registry.npmjs.org/js-tokens/-/js-tokens-4.0.0.tgz 625ms (cache miss)
952 http fetch GET 200 https://registry.npmjs.org/@jridgewell/remapping/-/remapping-2.3.5.tgz 628ms (cache miss)
953 http fetch GET 200 https://registry.npmjs.org/convert-source-map/-/convert-source-map-2.0.0.tgz 628ms (cache miss)
954 http fetch GET 200 https://registry.npmjs.org/react-refresh/-/react-refresh-0.17.0.tgz 632ms (cache miss)
955 http fetch GET 200 https://registry.npmjs.org/@babel/helper-compilation-targets/-/helper-compilation-targets-7.28.6.tgz 640ms (cache miss)
956 http fetch GET 200 https://registry.npmjs.org/@rolldown/pluginutils/-/pluginutils-1.0.0-beta.27.tgz 640ms (cache miss)
957 http fetch GET 200 https://registry.npmjs.org/@jridgewell/resolve-uri/-/resolve-uri-3.1.2.tgz 666ms (cache miss)
958 http fetch GET 200 https://registry.npmjs.org/@types/babel__core/-/babel__core-7.20.5.tgz 642ms (cache miss)
959 http fetch GET 200 https://registry.npmjs.org/escalade/-/escalade-3.2.0.tgz 675ms (cache miss)
960 http fetch GET 200 https://registry.npmjs.org/picomatch/-/picomatch-4.0.4.tgz 688ms (cache miss)
961 http fetch GET 200 https://registry.npmjs.org/@babel/plugin-transform-react-jsx-source/-/plugin-transform-react-jsx-source-7.27.1.tgz 661ms (cache miss)
962 http fetch GET 200 https://registry.npmjs.org/@babel/code-frame/-/code-frame-7.29.0.tgz 667ms (cache miss)
963 http fetch GET 200 https://registry.npmjs.org/@babel/plugin-transform-react-jsx-self/-/plugin-transform-react-jsx-self-7.27.1.tgz 665ms (cache miss)
964 http fetch GET 200 https://registry.npmjs.org/semver/-/semver-6.3.1.tgz 693ms (cache miss)
965 http fetch GET 200 https://registry.npmjs.org/debug/-/debug-4.4.3.tgz 701ms (cache miss)
966 http fetch GET 200 https://registry.npmjs.org/gensync/-/gensync-1.0.0-beta.2.tgz 704ms (cache miss)
967 http fetch GET 200 https://registry.npmjs.org/browserslist/-/browserslist-4.28.1.tgz 729ms (cache miss)
968 http fetch GET 200 https://registry.npmjs.org/baseline-browser-mapping/-/baseline-browser-mapping-2.10.10.tgz 760ms (cache miss)
969 http fetch GET 200 https://registry.npmjs.org/electron-to-chromium/-/electron-to-chromium-1.5.325.tgz 772ms (cache miss)
970 http fetch GET 200 https://registry.npmjs.org/@vitejs/plugin-react/-/plugin-react-4.7.0.tgz 743ms (cache miss)
971 http fetch GET 200 https://registry.npmjs.org/scheduler/-/scheduler-0.23.2.tgz 902ms (cache miss)
972 http fetch GET 200 https://registry.npmjs.org/source-map-js/-/source-map-js-1.2.1.tgz 946ms (cache miss)
973 http fetch GET 200 https://registry.npmjs.org/@babel/helper-module-transforms/-/helper-module-transforms-7.28.6.tgz 959ms (cache miss)
974 http fetch GET 200 https://registry.npmjs.org/@babel/template/-/template-7.28.6.tgz 963ms (cache miss)
975 http fetch GET 200 https://registry.npmjs.org/json5/-/json5-2.2.3.tgz 1007ms (cache miss)
976 http fetch GET 200 https://registry.npmjs.org/@jridgewell/sourcemap-codec/-/sourcemap-codec-1.5.5.tgz 1050ms (cache miss)
977 http fetch GET 200 https://registry.npmjs.org/react/-/react-18.3.1.tgz 1039ms (cache miss)
978 http fetch GET 200 https://registry.npmjs.org/@jridgewell/gen-mapping/-/gen-mapping-0.3.13.tgz 1110ms (cache miss)
979 http fetch GET 200 https://registry.npmjs.org/@rollup/rollup-win32-x64-gnu/-/rollup-win32-x64-gnu-4.60.0.tgz 1155ms (cache miss)
980 http fetch GET 200 https://registry.npmjs.org/@babel/parser/-/parser-7.29.2.tgz 1160ms (cache miss)
981 http fetch GET 200 https://registry.npmjs.org/@rollup/rollup-win32-x64-msvc/-/rollup-win32-x64-msvc-4.60.0.tgz 1224ms (cache miss)
982 http fetch GET 200 https://registry.npmjs.org/postcss/-/postcss-8.5.8.tgz 1275ms (cache miss)
983 http fetch GET 200 https://registry.npmjs.org/@jridgewell/trace-mapping/-/trace-mapping-0.3.31.tgz 1276ms (cache miss)
984 http fetch GET 200 https://registry.npmjs.org/@babel/generator/-/generator-7.29.1.tgz 1277ms (cache miss)
985 http fetch GET 200 https://registry.npmjs.org/rollup/-/rollup-4.60.0.tgz 1372ms (cache miss)
986 http fetch GET 200 https://registry.npmjs.org/@babel/traverse/-/traverse-7.29.0.tgz 1416ms (cache miss)
987 http fetch GET 200 https://registry.npmjs.org/vite/-/vite-6.4.1.tgz 1416ms (cache miss)
988 http fetch GET 200 https://registry.npmjs.org/react-dom/-/react-dom-18.3.1.tgz 1506ms (cache miss)
989 http fetch GET 200 https://registry.npmjs.org/@esbuild/win32-x64/-/win32-x64-0.25.12.tgz 1638ms (cache miss)
990 http fetch GET 200 https://registry.npmjs.org/@babel/core/-/core-7.29.0.tgz 1645ms (cache miss)
991 http fetch GET 200 https://registry.npmjs.org/@babel/types/-/types-7.29.0.tgz 1865ms (cache miss)
992 http fetch GET 200 https://registry.npmjs.org/@babel/helpers/-/helpers-7.29.2.tgz 1898ms (cache miss)
993 http fetch GET 200 https://registry.npmjs.org/caniuse-lite/-/caniuse-lite-1.0.30001781.tgz 3744ms (cache miss)
994 info run esbuild@0.25.12 postinstall node_modules/esbuild node install.js
995 info run esbuild@0.25.12 postinstall { code: 'EPERM', signal: undefined }
996 warn cleanup Failed to remove some directories [
996 warn cleanup   [
996 warn cleanup     '\\\\?\\C:\\Users\\NGUYEN MINH TRI\\OneDrive\\Desktop\\CSPM\\frontend\\node_modules\\@jridgewell',
996 warn cleanup     [Error: EPERM: operation not permitted, rmdir 'C:\Users\NGUYEN MINH TRI\OneDrive\Desktop\CSPM\frontend\node_modules\@jridgewell'] {
996 warn cleanup       errno: -4048,
996 warn cleanup       code: 'EPERM',
996 warn cleanup       syscall: 'rmdir',
996 warn cleanup       path: 'C:\\Users\\NGUYEN MINH TRI\\OneDrive\\Desktop\\CSPM\\frontend\\node_modules\\@jridgewell'
996 warn cleanup     }
996 warn cleanup   ],
996 warn cleanup   [
996 warn cleanup     '\\\\?\\C:\\Users\\NGUYEN MINH TRI\\OneDrive\\Desktop\\CSPM\\frontend\\node_modules\\@babel\\core',
996 warn cleanup     [Error: EPERM: operation not permitted, rmdir 'C:\Users\NGUYEN MINH TRI\OneDrive\Desktop\CSPM\frontend\node_modules\@babel\core\lib\transformation'] {
996 warn cleanup       errno: -4048,
996 warn cleanup       code: 'EPERM',
996 warn cleanup       syscall: 'rmdir',
996 warn cleanup       path: 'C:\\Users\\NGUYEN MINH TRI\\OneDrive\\Desktop\\CSPM\\frontend\\node_modules\\@babel\\core\\lib\\transformation'
996 warn cleanup     }
996 warn cleanup   ],
996 warn cleanup   [
996 warn cleanup     '\\\\?\\C:\\Users\\NGUYEN MINH TRI\\OneDrive\\Desktop\\CSPM\\frontend\\node_modules',
996 warn cleanup     [Error: EPERM: operation not permitted, rmdir 'C:\Users\NGUYEN MINH TRI\OneDrive\Desktop\CSPM\frontend\node_modules\@babel'] {
996 warn cleanup       errno: -4048,
996 warn cleanup       code: 'EPERM',
996 warn cleanup       syscall: 'rmdir',
996 warn cleanup       path: 'C:\\Users\\NGUYEN MINH TRI\\OneDrive\\Desktop\\CSPM\\frontend\\node_modules\\@babel'
996 warn cleanup     }
996 warn cleanup   ]
996 warn cleanup ]
997 verbose stack Error: spawn EPERM
997 verbose stack     at ChildProcess.spawn (node:internal/child_process:420:11)
997 verbose stack     at spawn (node:child_process:786:9)
997 verbose stack     at promiseSpawn (C:\Program Files\nodejs\node_modules\npm\node_modules\@npmcli\promise-spawn\lib\index.js:39:16)
997 verbose stack     at spawnWithShell (C:\Program Files\nodejs\node_modules\npm\node_modules\@npmcli\promise-spawn\lib\index.js:124:10)
997 verbose stack     at promiseSpawn (C:\Program Files\nodejs\node_modules\npm\node_modules\@npmcli\promise-spawn\lib\index.js:12:12)
997 verbose stack     at runScriptPkg (C:\Program Files\nodejs\node_modules\npm\node_modules\@npmcli\run-script\lib\run-script-pkg.js:79:13)
997 verbose stack     at runScript (C:\Program Files\nodejs\node_modules\npm\node_modules\@npmcli\run-script\lib\run-script.js:9:12)
997 verbose stack     at C:\Program Files\nodejs\node_modules\npm\node_modules\@npmcli\arborist\lib\arborist\rebuild.js:329:17
997 verbose stack     at run (C:\Program Files\nodejs\node_modules\npm\node_modules\promise-call-limit\dist\commonjs\index.js:67:22)
997 verbose stack     at C:\Program Files\nodejs\node_modules\npm\node_modules\promise-call-limit\dist\commonjs\index.js:84:9
998 error code EPERM
999 error syscall spawn
1000 error errno -4048
1001 error Error: spawn EPERM
1001 error     at ChildProcess.spawn (node:internal/child_process:420:11)
1001 error     at spawn (node:child_process:786:9)
1001 error     at promiseSpawn (C:\Program Files\nodejs\node_modules\npm\node_modules\@npmcli\promise-spawn\lib\index.js:39:16)
1001 error     at spawnWithShell (C:\Program Files\nodejs\node_modules\npm\node_modules\@npmcli\promise-spawn\lib\index.js:124:10)
1001 error     at promiseSpawn (C:\Program Files\nodejs\node_modules\npm\node_modules\@npmcli\promise-spawn\lib\index.js:12:12)
1001 error     at runScriptPkg (C:\Program Files\nodejs\node_modules\npm\node_modules\@npmcli\run-script\lib\run-script-pkg.js:79:13)
1001 error     at runScript (C:\Program Files\nodejs\node_modules\npm\node_modules\@npmcli\run-script\lib\run-script.js:9:12)
1001 error     at C:\Program Files\nodejs\node_modules\npm\node_modules\@npmcli\arborist\lib\arborist\rebuild.js:329:17
1001 error     at run (C:\Program Files\nodejs\node_modules\npm\node_modules\promise-call-limit\dist\commonjs\index.js:67:22)
1001 error     at C:\Program Files\nodejs\node_modules\npm\node_modules\promise-call-limit\dist\commonjs\index.js:84:9 {
1001 error   errno: -4048,
1001 error   code: 'EPERM',
1001 error   syscall: 'spawn'
1001 error }
1002 error
1002 error The operation was rejected by your operating system.
1002 error It's possible that the file was already in use (by a text editor or antivirus),
1002 error or that you lack permissions to access it.
1002 error
1002 error If you believe this might be a permissions issue, please double-check the
1002 error permissions of the file and its containing directories, or try running
1002 error the command again as root/Administrator.
1003 silly unfinished npm timer reify 1774457850102
1004 silly unfinished npm timer reify:build 1774457860734
1005 silly unfinished npm timer build 1774457860734
1006 silly unfinished npm timer build:deps 1774457860735
1007 silly unfinished npm timer build:run:postinstall 1774457860784
1008 silly unfinished npm timer build:run:postinstall:node_modules/esbuild 1774457860784
1009 verbose cwd C:\Users\NGUYEN MINH TRI\OneDrive\Desktop\CSPM\frontend
1010 verbose os Windows_NT 10.0.26200
1011 verbose node v22.19.0
1012 verbose npm  v10.9.3
1013 notice
1013 notice New major version of npm available! 10.9.3 -> 11.12.0
1013 notice Changelog: https://github.com/npm/cli/releases/tag/v11.12.0
1013 notice To update run: npm install -g npm@11.12.0
1013 notice  { force: true, [Symbol(proc-log.meta)]: true }
1014 verbose exit -4048
1015 verbose code -4048
1016 error A complete log of this run can be found in: C:\Users\NGUYEN MINH TRI\OneDrive\Desktop\CSPM\frontend\.npm-cache\_logs\2026-03-25T16_57_29_604Z-debug-0.log
